POTRAVINY	NÁPOJE		Mandľa mlieko		100	100	-100
POTRAVINY	NÁPOJE		Aloe vera šťava 		100	100	100
POTRAVINY	NÁPOJE		Jablko ocot		100	-100	100
POTRAVINY	NÁPOJE		Jablko šťava		-100	100	66.66666667
POTRAVINY	NÁPOJE		Apricot šťava		100	100	100
POTRAVINY	NÁPOJE		Bobulové šťavy		0	0	100
POTRAVINY	NÁPOJE		Bobulové šťavy		100	0	0
POTRAVINY	NÁPOJE		Bobulové šťavy	brusnica	-100	0	0
POTRAVINY	NÁPOJE		Bobulové šťavy	kyslé	0	-100	0
POTRAVINY	NÁPOJE		Bobulové šťavy	sladké	0	100	0
POTRAVINY	NÁPOJE		Čierny čaj		-100	0	0
POTRAVINY	NÁPOJE		Čierny čaj	spiced	0	0	100
POTRAVINY	NÁPOJE		Čierny čaj		0	66.66666667	0
POTRAVINY	NÁPOJE		Kofeínové nápoje		-100	0	0
POTRAVINY	NÁPOJE		Kofeínové nápoje		0	-100	0
POTRAVINY	NÁPOJE		Kofeínové nápoje		0	0	-33.33333333
POTRAVINY	NÁPOJE		Sýtené nápoje		0	-100	0
POTRAVINY	NÁPOJE		Sýtené nápoje		-100	0	0
POTRAVINY	NÁPOJE		Sýtené nápoje		0	0	-100
POTRAVINY	NÁPOJE		Karob		0	100	0
POTRAVINY	NÁPOJE		Karob		0	0	100
POTRAVINY	NÁPOJE		Karob		66.66666667	0	0
POTRAVINY	NÁPOJE		Mrkva šťava 		100	0	0
POTRAVINY	NÁPOJE		Mrkva šťava 		0	-100	0
POTRAVINY	NÁPOJE		Mrkva šťava 		0	0	100
POTRAVINY	NÁPOJE		Chai	hot, spiced mlieko	100	0	0
POTRAVINY	NÁPOJE		Chai	hot, spiced mlieko	0	66.66666667	0
POTRAVINY	NÁPOJE		Chai	hot, spiced mlieko	0	0	66.66666667
POTRAVINY	NÁPOJE		Čerešňa šťava 		100	0	0
POTRAVINY	NÁPOJE		Čerešňa šťava 	kyslé	0	-100	0
POTRAVINY	NÁPOJE		Čerešňa šťava 	kyslé	0	0	-100
POTRAVINY	NÁPOJE		Čerešňa šťava 	sladké	0	100	0
POTRAVINY	NÁPOJE		Čerešňa šťava 	sladké	0	0	100
POTRAVINY	NÁPOJE		Čokoláda mlieko 		-100	0	0
POTRAVINY	NÁPOJE		Čokoláda mlieko 		0	-100	0
POTRAVINY	NÁPOJE		Čokoláda mlieko 		0	0	-100
POTRAVINY	NÁPOJE		Káva		-100	0	0
POTRAVINY	NÁPOJE		Káva		0	-100	0
POTRAVINY	NÁPOJE		Káva		0	0	-100
POTRAVINY	NÁPOJE		Chladné mliečne nápoje 		-100	0	0
POTRAVINY	NÁPOJE		Chladné mliečne nápoje 		0	0	-100
POTRAVINY	NÁPOJE		Chladné mliečne nápoje 		0	100	0
POTRAVINY	NÁPOJE		brusnica šťava 		-100	0	0
POTRAVINY	NÁPOJE		brusnica šťava 		0	-100	0
POTRAVINY	NÁPOJE		brusnica šťava  		0	0	100
POTRAVINY	NÁPOJE		Obilniny "káva" 		100	0	0
POTRAVINY	NÁPOJE		Obilniny "káva" 		0	100	0
POTRAVINY	NÁPOJE		Obilniny "káva" 		0	0	100
POTRAVINY	NÁPOJE		Hrozno šťava 		100	0	0
POTRAVINY	NÁPOJE		Hrozno šťava 		0	100	0
POTRAVINY	NÁPOJE		Hrozno šťava 		0	0	100
POTRAVINY	NÁPOJE		Grapefruit šťava 		100	0	0
POTRAVINY	NÁPOJE		Grapefruit šťava 		0	-100	0
POTRAVINY	NÁPOJE		Grapefruit šťava 		0	0	-100
POTRAVINY	NÁPOJE		Ľadový čaj 		-100	0	0
POTRAVINY	NÁPOJE		Ľadový čaj 		0	-100	0
POTRAVINY	NÁPOJE		Ľadový čaj 		0	0	-100
POTRAVINY	NÁPOJE		Ľadové nápoje 		-100	0	0
POTRAVINY	NÁPOJE		Ľadové nápoje 		0	-100	0
POTRAVINY	NÁPOJE		Ľadové nápoje 		0	0	-100
POTRAVINY	NÁPOJE		Limonáda		100	0	0
POTRAVINY	NÁPOJE		Limonáda		0	-100	0
POTRAVINY	NÁPOJE		Limonáda		0	0	-100
POTRAVINY	NÁPOJE		Mango šťava 		100	0	0
POTRAVINY	NÁPOJE		Mango šťava 		0	100	0
POTRAVINY	NÁPOJE		Mango šťava 		0	0	100
POTRAVINY	NÁPOJE		Miso broth		100	0	0
POTRAVINY	NÁPOJE		Miso broth 		0	0	-100
POTRAVINY	NÁPOJE		Miso broth 		0	66.66666667	0
POTRAVINY	NÁPOJE		Miešaná zel. šťava 		0	100	0
POTRAVINY	NÁPOJE		Pomaranč šťava 		100	0	0
POTRAVINY	NÁPOJE		Pomaranč šťava 		0	0	-100
POTRAVINY	NÁPOJE		Pomaranč šťava 		0	66.66666667	0
POTRAVINY	NÁPOJE		Papaya šťava		0	-100	0
POTRAVINY	NÁPOJE		Papaya šťava 		100	0	0
POTRAVINY	NÁPOJE		Papaya šťava 		0	0	-100
POTRAVINY	NÁPOJE		Broskyňa nectar 		100	0	0
POTRAVINY	NÁPOJE		Broskyňa nectar 		0	100	0
POTRAVINY	NÁPOJE		Broskyňa nectar 		0	0	100
POTRAVINY	NÁPOJE		Hruška šťava 		-100	0	0
POTRAVINY	NÁPOJE		Hruška šťava 		0	100	0
POTRAVINY	NÁPOJE		Hruška šťava 		0	0	100
POTRAVINY	NÁPOJE		Ananás šťava 		100	0	0
POTRAVINY	NÁPOJE		Ananás šťava 		0	-100	0
POTRAVINY	NÁPOJE		Ananás šťava 		0	0	66.66666667
POTRAVINY	NÁPOJE		Pomegranate šťava		0	0	100
POTRAVINY	NÁPOJE		Pomegranate šťava 		-100	0	0
POTRAVINY	NÁPOJE		Pomegranate šťava 		0	100	0
POTRAVINY	NÁPOJE		Slivka šťava 		0	100	0
POTRAVINY	NÁPOJE		Slivka šťava 		0	0	100
POTRAVINY	NÁPOJE		Slivka šťava 		-33.33333333	0	0
POTRAVINY	NÁPOJE		Ryža mlieko 		100	0	0
POTRAVINY	NÁPOJE		Ryža mlieko 		0	100	0
POTRAVINY	NÁPOJE		Ryža mlieko 		0	0	-100
POTRAVINY	NÁPOJE		kyslé juices		100	0	0
POTRAVINY	NÁPOJE		kyslé juices		0	0	-100
POTRAVINY	NÁPOJE		kyslé juices 		0	100	0
POTRAVINY	NÁPOJE		Sója mlieko 		0	100	0
POTRAVINY	NÁPOJE		Sója mlieko  	cold	-100	0	0
POTRAVINY	NÁPOJE		Sója mlieko  	cold	0	0	-100
POTRAVINY	NÁPOJE		Sója mlieko  	hot & well-spiced	0	0	100
POTRAVINY	NÁPOJE		Sója mlieko  	hot & well-spiced	66.66666667	0	0
POTRAVINY	NÁPOJE		Paradajka šťava 		0	-100	0
POTRAVINY	NÁPOJE		Paradajka šťava 		0	0	-100
POTRAVINY	NÁPOJE		Paradajka šťava 		-33.33333333	0	0
POTRAVINY	NÁPOJE		V-8 šťava 		-100	0	0
POTRAVINY	NÁPOJE		V-8 šťava 		0	-100	0
POTRAVINY	NÁPOJE		V-8 šťava 		0	0	-100
POTRAVINY	NÁPOJE		Vegetable bouillon		100	0	0
POTRAVINY	NÁPOJE		Vegetable bouillon		0	100	0
POTRAVINY	NUTS 		Almonds	soaked & peeled	0	0	-33.33333333
POTRAVINY	NUTS 		Almonds	soaked & peeled	0	100	0
POTRAVINY	NUTS 		Almonds	with skin	0	-100	0
POTRAVINY	NUTS 		Almonds 		100	0	0
POTRAVINY	CONDIMENTS 		Black pepper 		0	0	100
POTRAVINY	CONDIMENTS 		Black pepper 		66.66666667	0	0
POTRAVINY	CONDIMENTS 		Black pepper 		0	66.66666667	0
POTRAVINY	NUTS 		Black walnuts 		0	-100	0
POTRAVINY	NUTS 		Black walnuts 		0	0	-100
POTRAVINY	NUTS 		Brazil nuts 		100	0	0
POTRAVINY	NUTS 		Brazil nuts 		0	-100	0
POTRAVINY	NUTS 		Brazil nuts 		0	0	-100
POTRAVINY	NUTS 		Cashews 		100	0	0
POTRAVINY	NUTS 		Cashews 		0	-100	0
POTRAVINY	NUTS 		Cashews 		0	0	-100
POTRAVINY	NUTS 		Charole		100	0	0
POTRAVINY	NUTS 		Charole		0	100	0
POTRAVINY	NUTS 		Charole		0	0	100
POTRAVINY	CONDIMENTS 		Chili pepper 		0	-100	0
POTRAVINY	CONDIMENTS 		Chili pepper 		0	0	100
POTRAVINY	CONDIMENTS 		Chili pepper 		66.66666667	0	0
POTRAVINY	CONDIMENTS 		Čokoláda		-100	0	0
POTRAVINY	CONDIMENTS 		Čokoláda		0	-100	0
POTRAVINY	CONDIMENTS 		Čokoláda		0	0	-100
POTRAVINY	CONDIMENTS 		Chutney, mango	spicy	0	-100	0
POTRAVINY	CONDIMENTS 		Chutney, mango	spicy	0	0	100
POTRAVINY	CONDIMENTS 		Chutney, mango	sladké	100	0	0
POTRAVINY	CONDIMENTS 		Chutney, mango	spicy	100	0	0
POTRAVINY	CONDIMENTS 		Chutney, mango	sladké	0	100	0
POTRAVINY	CONDIMENTS 		Chutney, mango	sladké	0	0	-100
POTRAVINY	NUTS 		Coconut		100	0	0
POTRAVINY	NUTS 		Coconut		0	100	0
POTRAVINY	NUTS 		Coconut		0	0	-100
POTRAVINY	CONDIMENTS 		Coriander leaves 		0	100	0
POTRAVINY	CONDIMENTS 		Coriander leaves 		0	0	100
POTRAVINY	CONDIMENTS 		Coriander leaves 		66.66666667	0	0
POTRAVINY	CONDIMENTS 		Dulse		100	0	0
POTRAVINY	CONDIMENTS 		Dulse		0	66.66666667	0
POTRAVINY	CONDIMENTS 		Dulse		0	0	66.66666667
POTRAVINY	NUTS 		Filberts		100	0	0
POTRAVINY	NUTS 		Filberts		0	-100	0
POTRAVINY	NUTS 		Filberts		0	0	-100
POTRAVINY	CONDIMENTS 		Gomasio 		100	0	0
POTRAVINY	CONDIMENTS 		Gomasio 		0	-100	0
POTRAVINY	CONDIMENTS 		Gomasio 		0	0	-100
POTRAVINY	NUTS 		Hazelnuts		100	0	0
POTRAVINY	NUTS 		Hazelnuts		0	-100	0
POTRAVINY	NUTS 		Hazelnuts		0	0	-100
POTRAVINY	CONDIMENTS 		Hijiki 		100	0	0
POTRAVINY	CONDIMENTS 		Hijiki 		0	66.66666667	0
POTRAVINY	CONDIMENTS 		Hijiki 		0	0	66.66666667
POTRAVINY	CONDIMENTS 		Horseradish		-100	0	0
POTRAVINY	CONDIMENTS 		Horseradish		0	-100	0
POTRAVINY	CONDIMENTS 		Horseradish		0	0	100
POTRAVINY	CONDIMENTS 		Kelp		100	0	0
POTRAVINY	CONDIMENTS 		Kelp		0	-100	0
POTRAVINY	CONDIMENTS 		Kelp		0	0	-100
POTRAVINY	CONDIMENTS 		Ketchup		100	0	0
POTRAVINY	CONDIMENTS 		Ketchup		0	-100	0
POTRAVINY	CONDIMENTS 		Ketchup		0	0	-33.33333333
POTRAVINY	CONDIMENTS 		Kombu		100	0	0
POTRAVINY	CONDIMENTS 		Kombu		0	66.66666667	0
POTRAVINY	CONDIMENTS 		Lemon		100	0	0
POTRAVINY	CONDIMENTS 		Lemon		0	-100	0
POTRAVINY	CONDIMENTS 		Lemon		0	0	66.66666667
POTRAVINY	CONDIMENTS 		Lime		100	0	0
POTRAVINY	CONDIMENTS 		Lime		0	0	-100
POTRAVINY	CONDIMENTS 		Lime pickle 		100	0	0
POTRAVINY	CONDIMENTS 		Lime pickle 		0	-100	0
POTRAVINY	CONDIMENTS 		Lime pickle 		0	0	-100
POTRAVINY	CONDIMENTS 		Lime		0	66.66666667	0
POTRAVINY	NUTS 		Macadamia nuts 		100	0	0
POTRAVINY	NUTS 		Macadamia nuts 		0	-100	0
POTRAVINY	NUTS 		Macadamia nuts 		0	0	-100
POTRAVINY	CONDIMENTS 		Mango pickle		0	0	-100
POTRAVINY	CONDIMENTS 		Mango pickle 		100	0	0
POTRAVINY	CONDIMENTS 		Mango pickle 		0	-100	0
POTRAVINY	CONDIMENTS 		Mayonnaise 		100	0	0
POTRAVINY	CONDIMENTS 		Mayonnaise 		0	-100	0
POTRAVINY	CONDIMENTS 		Mayonnaise 		0	0	-100
POTRAVINY	CONDIMENTS 		Mustard		100	0	0
POTRAVINY	CONDIMENTS 		Mustard		0	-100	0
POTRAVINY	CONDIMENTS 		Mustard	without vinegar	0	0	100
POTRAVINY	NUTS 		Peanuts		100	0	0
POTRAVINY	NUTS 		Peanuts		0	-100	0
POTRAVINY	NUTS 		Peanuts		0	0	-100
POTRAVINY	NUTS 		Pecans		100	0	0
POTRAVINY	NUTS 		Pecans		0	-100	0
POTRAVINY	NUTS 		Pecans		0	0	-100
POTRAVINY	CONDIMENTS 		Pickles 		100	0	0
POTRAVINY	CONDIMENTS 		Pickles 		0	-100	0
POTRAVINY	CONDIMENTS 		Pickles 		0	0	-100
POTRAVINY	NUTS 		Pine nuts 		100	0	0
POTRAVINY	NUTS 		Pine nuts 		0	-100	0
POTRAVINY	NUTS 		Pine nuts 		0	0	-100
POTRAVINY	NUTS 		Pistachios		100	0	0
POTRAVINY	NUTS 		Pistachios		0	-100	0
POTRAVINY	NUTS 		Pistachios		0	0	-100
POTRAVINY	CONDIMENTS 		Salt		100	0	0
POTRAVINY	CONDIMENTS 		Salt		0	0	-100
POTRAVINY	CONDIMENTS 		Salt	in excess	0	-100	0
POTRAVINY	CONDIMENTS 		Salt		0	66.66666667	0
POTRAVINY	CONDIMENTS 		Scallions		100	0	0
POTRAVINY	CONDIMENTS 		Scallions		0	-100	0
POTRAVINY	CONDIMENTS 		Scallions		0	0	100
POTRAVINY	CONDIMENTS 		Seaweed 		100	0	0
POTRAVINY	CONDIMENTS 		Seaweed 		0	66.66666667	0
POTRAVINY	CONDIMENTS 		Seaweed 		0	0	66.66666667
POTRAVINY	CONDIMENTS 		Sója sauce 		100	0	0
POTRAVINY	CONDIMENTS 		Sója sauce 		0	-100	0
POTRAVINY	CONDIMENTS 		Sója sauce 		0	0	-100
POTRAVINY	CONDIMENTS 		Sprouts		0	66.66666667	0
POTRAVINY	CONDIMENTS 		Sprouts		0	0	100
POTRAVINY	CONDIMENTS 		Sprouts		66.66666667	0	0
POTRAVINY	CONDIMENTS 		Tamari 		0	0	-100
POTRAVINY	CONDIMENTS 		Tamari  		100	0	0
POTRAVINY	CONDIMENTS 		Tamari  		0	66.66666667	0
POTRAVINY	CONDIMENTS 		Vinegar		100	0	0
POTRAVINY	CONDIMENTS 		Vinegar		0	-100	0
POTRAVINY	CONDIMENTS 		Vinegar		0	0	-100
POTRAVINY	NUTS 		Walnuts		100	0	0
POTRAVINY	NUTS 		Walnuts		0	-100	0
POTRAVINY	NUTS 		Walnuts		0	0	-100
POTRAVINY	NUTS 		Black walnuts 		100	0	0
POTRAVINY	DAIRY		Butter		100	0	0
POTRAVINY	DAIRY		Butter		100	0	0
POTRAVINY	DAIRY		Butter	salted	0	-100	0
POTRAVINY	DAIRY		Butter	salted	0	0	-100
POTRAVINY	DAIRY		Butter	unsalted	0	100	0
POTRAVINY	DAIRY		Butter	unsalted	0	0	-33.33333333
POTRAVINY	DAIRY		Buttermilk		100	0	0
POTRAVINY	DAIRY		Buttermilk		0	-100	0
POTRAVINY	DAIRY		Buttermilk		0	0	66.66666667
POTRAVINY	DAIRY		Cheese	hard	0	-100	0
POTRAVINY	DAIRY		Cheese	hard	66.66666667	0	0
POTRAVINY	DAIRY		Cheese	soft	0	0	-100
POTRAVINY	DAIRY		Cheese	hard	0	0	-100
POTRAVINY	DAIRY		Cheese	soft	100	0	0
POTRAVINY	DAIRY		Cheese	soft, not aged, unsalted	0	100	0
POTRAVINY	DAIRY		Cottage cheese 		100	0	0
POTRAVINY	DAIRY		Cottage cheese 		0	100	0
POTRAVINY	DAIRY		Cottage cheese 	from skimmed goat's mlieko	0	0	100
POTRAVINY	DAIRY		Cow's mlieko 		100	0	0
POTRAVINY	DAIRY		Cow's mlieko 		0	100	0
POTRAVINY	DAIRY		Cow's mlieko 		0	0	-100
POTRAVINY	DAIRY		Cow's mlieko 	powdered	-100	0	0
POTRAVINY	DAIRY		Ghee		100	0	0
POTRAVINY	DAIRY		Ghee		0	100	0
POTRAVINY	DAIRY		Ghee		0	0	66.66666667
POTRAVINY	DAIRY		Goat's cheese 		100	0	0
POTRAVINY	DAIRY		Goat's cheese 	soft, unsalted	0	100	0
POTRAVINY	DAIRY		Goat's cheese 	unsalted, not aged	0	0	66.66666667
POTRAVINY	DAIRY		Goat's mlieko 		100	0	0
POTRAVINY	DAIRY		Goat's mlieko 		0	100	0
POTRAVINY	DAIRY		Goat's mlieko 	powdered	-100	0	0
POTRAVINY	DAIRY		Goat's mlieko 	skim	0	0	100
POTRAVINY	DAIRY		Ice cream 		0	100	0
POTRAVINY	DAIRY		Ice cream 		0	0	-100
POTRAVINY	DAIRY		Ice cream 		66.66666667	0	0
POTRAVINY	DAIRY	*	Most mliečne products		100	0	0
POTRAVINY	DAIRY		kyslé cream 		0	-100	0
POTRAVINY	DAIRY		kyslé cream 		0	0	-100
POTRAVINY	DAIRY		kyslé cream 		66.66666667	0	0
POTRAVINY	DAIRY		Yogurt	diluted & spiced	66.66666667	0	0
POTRAVINY	DAIRY		Yogurt	diluted	0	0	100
POTRAVINY	DAIRY		Yogurt	fresh & diluted	0	66.66666667	0
POTRAVINY	DAIRY		Yogurt	plain	-100	0	0
POTRAVINY	DAIRY		Yogurt	plain	0	0	-100
POTRAVINY	DAIRY		Yogurt	plain	0	-100	0
POTRAVINY	DAIRY		Yogurt	frozen	-100	0	0
POTRAVINY	DAIRY		Yogurt	frozen	0	0	-100
POTRAVINY	DAIRY		Yogurt	frozen	0	-100	0
POTRAVINY	DAIRY		Yogurt	with fruit	-100	0	0
POTRAVINY	DAIRY		Yogurt	with fruit	0	0	-100
POTRAVINY	DAIRY		Yogurt	with fruit	0	-100	0
POTRAVINY	POTRAVINY SUPPLEMENTS 		Aloe vera šťava 		0	100	0
POTRAVINY	POTRAVINY SUPPLEMENTS 		Aloe vera šťava 		0	0	100
POTRAVINY	POTRAVINY SUPPLEMENTS 		Aloe vera šťava		66.66666667	0	0
POTRAVINY	POTRAVINY SUPPLEMENTS 		Amino acids 		100	0	0
POTRAVINY	POTRAVINY SUPPLEMENTS 		Amino acids 		0	-100	0
POTRAVINY	POTRAVINY SUPPLEMENTS 		Amino acids 		0	0	100
POTRAVINY	POTRAVINY SUPPLEMENTS 		Barley green 		-100	0	0
POTRAVINY	POTRAVINY SUPPLEMENTS 		Barley green 		0	100	0
POTRAVINY	POTRAVINY SUPPLEMENTS 		Barley green 		0	0	100
POTRAVINY	POTRAVINY SUPPLEMENTS 		Bee pollen 		100	0	0
POTRAVINY	POTRAVINY SUPPLEMENTS 		Bee pollen 		0	0	100
POTRAVINY	POTRAVINY SUPPLEMENTS 		Bee pollen 		0	-33.33333333	0
POTRAVINY	POTRAVINY SUPPLEMENTS 		Blue-green algae 		100	0	0
POTRAVINY	POTRAVINY SUPPLEMENTS 		Blue-green algae 		0	100	0
POTRAVINY	POTRAVINY SUPPLEMENTS 		Blue-green algae 		0	0	100
POTRAVINY	POTRAVINY SUPPLEMENTS 		Brewer's yeast 		-100	0	0
POTRAVINY	POTRAVINY SUPPLEMENTS 		Brewer's yeast 		0	100	0
POTRAVINY	POTRAVINY SUPPLEMENTS 		Brewer's yeast 		0	0	100
POTRAVINY	POTRAVINY SUPPLEMENTS 		Mineral: calcium		0	100	0
POTRAVINY	POTRAVINY SUPPLEMENTS 		Mineral: calcium		0	0	100
POTRAVINY	POTRAVINY SUPPLEMENTS 		Mineral: Calcium 		100	0	0
POTRAVINY	POTRAVINY SUPPLEMENTS 		Mineral: copper		100	0	0
POTRAVINY	POTRAVINY SUPPLEMENTS 		Mineral: copper		0	-100	0
POTRAVINY	POTRAVINY SUPPLEMENTS 		Mineral: copper		0	0	100
POTRAVINY	POTRAVINY SUPPLEMENTS 		Mineral: iron		100	0	0
POTRAVINY	POTRAVINY SUPPLEMENTS 		Mineral: iron		0	-100	0
POTRAVINY	POTRAVINY SUPPLEMENTS 		Mineral: iron		0	0	100
POTRAVINY	POTRAVINY SUPPLEMENTS 		Mineral: magnesium		100	0	0
POTRAVINY	POTRAVINY SUPPLEMENTS 		Mineral: magnesium		0	100	0
POTRAVINY	POTRAVINY SUPPLEMENTS 		Mineral: magnesium		0	0	100
POTRAVINY	POTRAVINY SUPPLEMENTS 		Mineral: potassium		0	0	-100
POTRAVINY	POTRAVINY SUPPLEMENTS 		Mineral: zinc 		100	0	0
POTRAVINY	POTRAVINY SUPPLEMENTS 		Mineral: zinc 		0	100	0
POTRAVINY	POTRAVINY SUPPLEMENTS 		Mineral: zinc 		0	0	100
POTRAVINY	POTRAVINY SUPPLEMENTS 		Royal jelly 		100	0	0
POTRAVINY	POTRAVINY SUPPLEMENTS 		Royal jelly 		0	0	100
POTRAVINY	POTRAVINY SUPPLEMENTS 		Royal jelly 		0	-33.33333333	0
POTRAVINY	POTRAVINY SUPPLEMENTS 		Spirolina 		100	0	0
POTRAVINY	POTRAVINY SUPPLEMENTS 		Spirolina 		0	100	0
POTRAVINY	POTRAVINY SUPPLEMENTS 		Spirolina 		0	0	100
POTRAVINY	POTRAVINY SUPPLEMENTS 		Vitamin: A		100	0	0
POTRAVINY	POTRAVINY SUPPLEMENTS 		Vitamin: A		0	100	0
POTRAVINY	POTRAVINY SUPPLEMENTS 		Vitamin: A		0	0	-100
POTRAVINY	POTRAVINY SUPPLEMENTS 		Vitamin: B1		100	0	0
POTRAVINY	POTRAVINY SUPPLEMENTS 		Vitamin: B1		0	0	-100
POTRAVINY	POTRAVINY SUPPLEMENTS 		Vitamin: B1 		0	100	0
POTRAVINY	POTRAVINY SUPPLEMENTS 		Vitamin: B12		100	0	0
POTRAVINY	POTRAVINY SUPPLEMENTS 		Vitamin: B12		0	100	0
POTRAVINY	POTRAVINY SUPPLEMENTS 		Vitamin: B12		0	0	-100
POTRAVINY	POTRAVINY SUPPLEMENTS 		Vitamin: B2		100	0	0
POTRAVINY	POTRAVINY SUPPLEMENTS 		Vitamin: B2		0	-100	0
POTRAVINY	POTRAVINY SUPPLEMENTS 		Vitamin: B2		0	0	-100
POTRAVINY	POTRAVINY SUPPLEMENTS 		Vitamin: B6		100	0	0
POTRAVINY	POTRAVINY SUPPLEMENTS 		Vitamin: B6		0	-100	0
POTRAVINY	POTRAVINY SUPPLEMENTS 		Vitamin: B6		0	0	100
POTRAVINY	POTRAVINY SUPPLEMENTS 		Vitamin: C		100	0	0
POTRAVINY	POTRAVINY SUPPLEMENTS 		Vitamin: C		0	-100	0
POTRAVINY	POTRAVINY SUPPLEMENTS 		Vitamin: C		0	0	-100
POTRAVINY	POTRAVINY SUPPLEMENTS 		Vitamin: C		0	0	100
POTRAVINY	POTRAVINY SUPPLEMENTS 		Vitamin: D		100	0	0
POTRAVINY	POTRAVINY SUPPLEMENTS 		Vitamin: D		0	100	0
POTRAVINY	POTRAVINY SUPPLEMENTS 		Vitamin: D		0	0	-100
POTRAVINY	POTRAVINY SUPPLEMENTS 		Vitamin: E		100	0	0
POTRAVINY	POTRAVINY SUPPLEMENTS 		Vitamin: E		0	-100	0
POTRAVINY	POTRAVINY SUPPLEMENTS 		Vitamin: E 		0	0	-100
POTRAVINY	POTRAVINY SUPPLEMENTS 		Vitamin: Folic Acid 		100	0	0
POTRAVINY	POTRAVINY SUPPLEMENTS 		Vitamin: Folic Acid 		0	-100	0
POTRAVINY	POTRAVINY SUPPLEMENTS 		Vitamin: Folic Acid 		0	0	100
POTRAVINY	POTRAVINY SUPPLEMENTS 		Vitamin: K 		-100	0	0
POTRAVINY	POTRAVINY SUPPLEMENTS 		Vitamin: K 		0	100	0
POTRAVINY	POTRAVINY SUPPLEMENTS 		Vitamin: P		100	0	0
POTRAVINY	POTRAVINY SUPPLEMENTS 		Vitamin: P		0	-100	0
POTRAVINY	POTRAVINY SUPPLEMENTS 		Vitamin: P		0	0	100
POTRAVINY	FRUITS		Apples		0	0	100
POTRAVINY	FRUITS		Apples	cooked	100	0	0
POTRAVINY	FRUITS		Apples	raw	-100	0	0
POTRAVINY	FRUITS		Apples	kyslé	0	-100	0
POTRAVINY	FRUITS		Apples	sladké	0	100	0
POTRAVINY	FRUITS		Applesauce		100	100	100
POTRAVINY	FRUITS		Apricots		100	0	0
POTRAVINY	FRUITS		Apricots		0	0	100
POTRAVINY	FRUITS		Apricots	kyslé	0	-100	0
POTRAVINY	FRUITS		Apricots	sladké	0	100	0
POTRAVINY	FRUITS		Avocado		100	0	0
POTRAVINY	FRUITS		Avocado		0	100	0
POTRAVINY	FRUITS		Avocado		0	0	-100
POTRAVINY	FRUITS		Bananas		100	0	0
POTRAVINY	FRUITS		Bananas		0	-100	0
POTRAVINY	FRUITS		Bananas		0	0	-100
POTRAVINY	FRUITS		Berries 		100	0	0
POTRAVINY	FRUITS		Berries 		0	0	100
POTRAVINY	FRUITS		Berries 	kyslé	0	-100	0
POTRAVINY	FRUITS		Berries 	sladké	0	100	0
POTRAVINY	FRUITS		Cherries		100	0	0
POTRAVINY	FRUITS		Cherries		0	0	100
POTRAVINY	FRUITS		Cherries	kyslé	0	-100	0
POTRAVINY	FRUITS		Cherries	sladké	0	100	0
POTRAVINY	FRUITS		Coconut		100	0	0
POTRAVINY	FRUITS		Coconut		0	100	0
POTRAVINY	FRUITS		Coconut		0	0	-100
POTRAVINY	FRUITS		Cranberries 		-100	0	0
POTRAVINY	FRUITS		Cranberries 		0	-100	0
POTRAVINY	FRUITS		Cranberries 		0	0	100
POTRAVINY	FRUITS		Dates		0	100	0
POTRAVINY	FRUITS		Dates		0	0	-100
POTRAVINY	FRUITS		Dates	dry	-100	0	0
POTRAVINY	FRUITS		Dates	fresh	100	0	0
POTRAVINY	FRUITS		Figs 		0	100	0
POTRAVINY	FRUITS		Figs 	dry	-100	0	0
POTRAVINY	FRUITS		Figs 	dry	0	0	66.66666667
POTRAVINY	FRUITS		Figs 	fresh	100	0	0
POTRAVINY	FRUITS		Figs 	fresh	0	0	-100
POTRAVINY	FRUITS	*	Most astringent fruit 		0	0	100
POTRAVINY	FRUITS	*	Most dried fruit		-100	0	0
POTRAVINY	FRUITS	*	Most kyslé fruit		0	-100	0
POTRAVINY	FRUITS	*	Most sladké fruit		0	0	-100
POTRAVINY	FRUITS	*	Most kyslé fruit		0	0	-100
POTRAVINY	FRUITS	*	Most sladké fruit		100	0	0
POTRAVINY	FRUITS	*	Most sladké fruit		0	100	0
POTRAVINY	FRUITS		Grapefruit 		100	0	0
POTRAVINY	FRUITS		Grapefruit 		0	-100	0
POTRAVINY	FRUITS		Grapefruit 		0	0	-100
POTRAVINY	FRUITS		Grapes 		100	0	0
POTRAVINY	FRUITS		Grapes 	green	0	-100	0
POTRAVINY	FRUITS		Grapes 	red	0	100	0
POTRAVINY	FRUITS		Grapes 	purple	0	100	0
POTRAVINY	FRUITS		Grapes		0	0	66.66666667
POTRAVINY	FRUITS		Kiwi 		100	0	0
POTRAVINY	FRUITS		Kiwi 		0	0	-100
POTRAVINY	FRUITS		Kiwi 		0	-100	0
POTRAVINY	FRUITS		Lemons		100	0	0
POTRAVINY	FRUITS		Lemons		0	-100	0
POTRAVINY	FRUITS		Lemons		0	0	66.66666667
POTRAVINY	FRUITS		Limes		100	0	0
POTRAVINY	FRUITS		Limes		0	66.66666667	0
POTRAVINY	FRUITS		Limes		0	0	66.66666667
POTRAVINY	FRUITS		Mangoes		100	0	0
POTRAVINY	FRUITS		Mangoes	green	0	-100	0
POTRAVINY	FRUITS		Mangoes	ripe	0	100	0
POTRAVINY	FRUITS		Mangoes		0	0	-33.33333333
POTRAVINY	FRUITS		Melons		100	0	0
POTRAVINY	FRUITS		Melons		0	100	0
POTRAVINY	FRUITS		Melons		0	0	-100
POTRAVINY	FRUITS		Oranges 		100	0	0
POTRAVINY	FRUITS		Oranges 		0	0	-100
POTRAVINY	FRUITS		Oranges	kyslé	0	-100	0
POTRAVINY	FRUITS		Oranges	sladké	0	66.66666667	0
POTRAVINY	FRUITS		Papaya 		100	0	0
POTRAVINY	FRUITS		Papaya 		0	0	-100
POTRAVINY	FRUITS		Papaya		0	66.66666667	0
POTRAVINY	FRUITS		Peaches		100	0	0
POTRAVINY	FRUITS		Peaches		0	-100	0
POTRAVINY	FRUITS		Peaches		0	0	66.66666667
POTRAVINY	FRUITS		Pears		-100	0	0
POTRAVINY	FRUITS		Pears		0	100	0
POTRAVINY	FRUITS		Pears		0	0	100
POTRAVINY	FRUITS		Persimmons		-100	0	0
POTRAVINY	FRUITS		Persimmons		0	-100	0
POTRAVINY	FRUITS		Persimmons		0	0	100
POTRAVINY	FRUITS		Ananás		100	0	0
POTRAVINY	FRUITS		Ananás		0	0	-100
POTRAVINY	FRUITS		Ananás	kyslé	0	-100	0
POTRAVINY	FRUITS		Ananás	sladké	0	66.66666667	0
POTRAVINY	FRUITS		Plums		100	0	0
POTRAVINY	FRUITS		Plums		0	0	-100
POTRAVINY	FRUITS		Plums	kyslé	0	-100	0
POTRAVINY	FRUITS		Plums	sladké	0	100	0
POTRAVINY	FRUITS		Pomegranates		-100	0	0
POTRAVINY	FRUITS		Pomegranates		0	100	0
POTRAVINY	FRUITS		Pomegranates		0	0	100
POTRAVINY	FRUITS		Prunes		0	100	0
POTRAVINY	FRUITS		Prunes		0	0	100
POTRAVINY	FRUITS		Prunes	dry	-100	0	0
POTRAVINY	FRUITS		Prunes	soaked	100	0	0
POTRAVINY	FRUITS		Grapes	red and purple	0	100	0
POTRAVINY	FRUITS		Raisins		0	100	0
POTRAVINY	FRUITS		Raisins		0	0	100
POTRAVINY	FRUITS		Raisins	dry	-100	0	0
POTRAVINY	FRUITS		Raisins	soaked	100	0	0
POTRAVINY	FRUITS		Rhubarb		100	0	0
POTRAVINY	FRUITS		Rhubarb		0	-100	0
POTRAVINY	FRUITS		Rhubarb		0	0	-100
POTRAVINY	FRUITS		Strawberries 		100	0	0
POTRAVINY	FRUITS		Strawberries 		0	66.66666667	0
POTRAVINY	FRUITS		Strawberries 		0	0	66.66666667
POTRAVINY	FRUITS		Tamarind		100	0	0
POTRAVINY	FRUITS		Tamarind		0	-100	0
POTRAVINY	FRUITS		Tamarind		0	0	-100
POTRAVINY	FRUITS		Watermelon		-100	0	0
POTRAVINY	FRUITS		Watermelon		0	100	0
POTRAVINY	FRUITS		Watermelon		0	0	-100
POTRAVINY	GRAINS		Amaranth		0	100	0
POTRAVINY	GRAINS		Amaranth		66.66666667	0	0
POTRAVINY	GRAINS		Amaranth		0	0	66.66666667
POTRAVINY	GRAINS		Barley 		-100	0	0
POTRAVINY	GRAINS		Barley 		0	100	0
POTRAVINY	GRAINS		Barley 		0	0	100
POTRAVINY	GRAINS		Bread (with yeast)		-100	0	0
POTRAVINY	GRAINS		Bread (with yeast)		0	-100	0
POTRAVINY	GRAINS		Bread (with yeast) 		0	0	-100
POTRAVINY	GRAINS		Buckwheat 		-100	0	0
POTRAVINY	GRAINS		Buckwheat 		0	-100	0
POTRAVINY	GRAINS		Buckwheat 		0	0	100
POTRAVINY	GRAINS		Cereal	cold	0	0	100
POTRAVINY	GRAINS		Cereal	dry	0	0	100
POTRAVINY	GRAINS		Cereal	puffed	0	0	100
POTRAVINY	GRAINS		Cereal	dry	0	100	0
POTRAVINY	GRAINS		Cereal	cold	-100	0	0
POTRAVINY	GRAINS		Cereal	dry	-100	0	0
POTRAVINY	GRAINS		Cereal	puffed	-100	0	0
POTRAVINY	GRAINS		Corn		-100	0	0
POTRAVINY	GRAINS		Corn		0	-100	0
POTRAVINY	GRAINS		Corn		0	0	100
POTRAVINY	GRAINS		Couscous		-100	0	0
POTRAVINY	GRAINS		Couscous		0	100	0
POTRAVINY	GRAINS		Couscous		0	0	100
POTRAVINY	GRAINS		Crackers 		-100	0	0
POTRAVINY	GRAINS		Crackers 		0	100	0
POTRAVINY	GRAINS		Crackers 		0	0	100
POTRAVINY	GRAINS		Durham flour 		100	0	0
POTRAVINY	GRAINS		Durham flour 		0	100	0
POTRAVINY	GRAINS		Durham flour 		0	0	66.66666667
POTRAVINY	GRAINS		Granola 		-100	0	0
POTRAVINY	GRAINS		Granola 		0	100	0
POTRAVINY	GRAINS		Granola 		0	0	100
POTRAVINY	GRAINS		Millet		-100	0	0
POTRAVINY	GRAINS		Millet		0	-100	0
POTRAVINY	GRAINS		Millet		0	0	100
POTRAVINY	GRAINS		Muesli		-100	0	0
POTRAVINY	GRAINS		Muesli		0	0	100
POTRAVINY	GRAINS		Muesli		0	-33.33333333	0
POTRAVINY	GRAINS		Oat bran 		-100	0	0
POTRAVINY	GRAINS		Oat bran 		0	100	0
POTRAVINY	GRAINS		Oat bran 		0	0	100
POTRAVINY	GRAINS		Oats	cooked	100	0	0
POTRAVINY	GRAINS		Oats	cooked	0	100	0
POTRAVINY	GRAINS		Oats	cooked	0	0	-100
POTRAVINY	GRAINS		Oats	dry	-100	0	0
POTRAVINY	GRAINS		Oats	dry	0	-100	0
POTRAVINY	GRAINS		Oats	dry	0	0	100
POTRAVINY	GRAINS		Pancakes		100	0	0
POTRAVINY	GRAINS		Pancakes		0	100	0
POTRAVINY	GRAINS		Pancakes		0	0	-100
POTRAVINY	GRAINS		Pasta		0	100	0
POTRAVINY	GRAINS		Pasta		-33.33333333	0	0
POTRAVINY	GRAINS		Pasta		0	0	-33.33333333
POTRAVINY	GRAINS		Polenta		0	0	100
POTRAVINY	GRAINS		Polenta		-33.33333333	0	0
POTRAVINY	GRAINS		Polenta		0	-33.33333333	0
POTRAVINY	GRAINS		Quinoa		100	0	0
POTRAVINY	GRAINS		Quinoa		0	100	0
POTRAVINY	GRAINS		Quinoa		0	0	66.66666667
POTRAVINY	GRAINS		Ryža	all kinds	100	0	0
POTRAVINY	GRAINS		Ryža	basmati	0	100	0
POTRAVINY	GRAINS		Ryža	white	0	100	0
POTRAVINY	GRAINS		Ryža	wild	0	100	0
POTRAVINY	GRAINS		Ryža	basmati	0	0	66.66666667
POTRAVINY	GRAINS		Ryža	wild	0	0	66.66666667
POTRAVINY	GRAINS		Ryža	brown	0	-33.33333333	0
POTRAVINY	GRAINS		Ryža	brown	0	0	-100
POTRAVINY	GRAINS		Ryža	white	0	0	-100
POTRAVINY	GRAINS		Ryža cakes 		0	100	0
POTRAVINY	GRAINS		Ryža cakes 		-33.33333333	0	0
POTRAVINY	GRAINS		Ryža cakes 		0	0	-33.33333333
POTRAVINY	GRAINS		Rye 		-100	0	0
POTRAVINY	GRAINS		Rye 		0	-100	0
POTRAVINY	GRAINS		Rye 		0	0	100
POTRAVINY	GRAINS		Sago		-100	0	0
POTRAVINY	GRAINS		Seitan (wheat meat)		100	0	0
POTRAVINY	GRAINS		Seitan (wheat meat)		0	100	0
POTRAVINY	GRAINS		Seitan (wheat meat)		0	0	100
POTRAVINY	GRAINS		Spelt		-100	0	0
POTRAVINY	GRAINS		Spelt		0	100	0
POTRAVINY	GRAINS		Spelt		0	0	66.66666667
POTRAVINY	GRAINS		Sprouted wheat bread (Essene)		0	0	100
POTRAVINY	GRAINS		Sprouted wheat bread (Essene) 		100	0	0
POTRAVINY	GRAINS		Sprouted wheat bread (Essene) 		0	100	0
POTRAVINY	GRAINS		Tapioca		-100	0	0
POTRAVINY	GRAINS		Tapioca		0	100	0
POTRAVINY	GRAINS		Tapioca		0	0	100
POTRAVINY	GRAINS		Wheat		100	0	0
POTRAVINY	GRAINS		Wheat		0	100	0
POTRAVINY	GRAINS		Wheat		0	0	-100
POTRAVINY	GRAINS		Wheat bran 		-100	0	0
POTRAVINY	GRAINS		Wheat bran 		0	100	0
POTRAVINY	GRAINS		Wheat bran 		0	0	100
POTRAVINY	HERBAL TEAS 		Ajwan 		100	-100	0
POTRAVINY	HERBAL TEAS 		Alfalfa		0	100	0
POTRAVINY	HERBAL TEAS 		Alfalfa		0	0	100
POTRAVINY	HERBAL TEAS 		Alfalfa		-33.33333333	0	0
POTRAVINY	HERBAL TEAS 		Bancha		100	0	0
POTRAVINY	HERBAL TEAS 		Bancha		0	100	0
POTRAVINY	HERBAL TEAS 		Bancha		0	0	100
POTRAVINY	HERBAL TEAS 		Barley 		0	100	0
POTRAVINY	HERBAL TEAS 		Barley 		0	0	100
POTRAVINY	HERBAL TEAS 		Barley		-33.33333333	0	0
POTRAVINY	HERBAL TEAS 		Basil		-33.33333333	0	0
POTRAVINY	HERBAL TEAS 		Basil		0	-33.33333333	0
POTRAVINY	HERBAL TEAS 		Blackberry 		-100	0	0
POTRAVINY	HERBAL TEAS 		Blackberry 		0	100	0
POTRAVINY	HERBAL TEAS 		Blackberry 		0	0	100
POTRAVINY	HERBAL TEAS 		Borage		0	100	0
POTRAVINY	HERBAL TEAS 		Borage		-33.33333333	0	0
POTRAVINY	HERBAL TEAS 		Burdock 		-100	0	0
POTRAVINY	HERBAL TEAS 		Burdock 		0	100	0
POTRAVINY	HERBAL TEAS 		Burdock 		0	0	100
POTRAVINY	HERBAL TEAS 		Catnip		0	100	0
POTRAVINY	HERBAL TEAS 		Catnip		66.66666667	0	0
POTRAVINY	HERBAL TEAS 		Chamomile		100	0	0
POTRAVINY	HERBAL TEAS 		Chamomile		0	100	0
POTRAVINY	HERBAL TEAS 		Chamomile		0	0	100
POTRAVINY	HERBAL TEAS 		Chicory 		0	100	0
POTRAVINY	HERBAL TEAS 		Chicory 		0	0	100
POTRAVINY	HERBAL TEAS 		Chicory 		66.66666667	0	0
POTRAVINY	HERBAL TEAS 		Chrysanthemum		66.66666667	0	0
POTRAVINY	HERBAL TEAS 		Cinnamon		0	0	100
POTRAVINY	HERBAL TEAS 		Cinnamon		-33.33333333	0	0
POTRAVINY	HERBAL TEAS 		Clove		100	0	0
POTRAVINY	HERBAL TEAS 		Clove		0	-100	0
POTRAVINY	HERBAL TEAS 		Clove		0	0	100
POTRAVINY	HERBAL TEAS 		Comfrey 		100	0	0
POTRAVINY	HERBAL TEAS 		Comfrey 		0	100	0
POTRAVINY	HERBAL TEAS 		Comfrey 		0	0	66.66666667
POTRAVINY	HERBAL TEAS 		Cornsilk 		-100	0	0
POTRAVINY	HERBAL TEAS 		Dandelion		-100	0	0
POTRAVINY	HERBAL TEAS 		Dandelion		0	100	0
POTRAVINY	HERBAL TEAS 		Dandelion		0	0	100
POTRAVINY	HERBAL TEAS 		Elder Flower 		100	0	0
POTRAVINY	HERBAL TEAS 		Eucalyptus 		100	0	0
POTRAVINY	HERBAL TEAS 		Eucalyptus 		0	-100	0
POTRAVINY	HERBAL TEAS 		Fennel		100	0	0
POTRAVINY	HERBAL TEAS 		Fennel		0	100	0
POTRAVINY	HERBAL TEAS 		Fennel		0	0	66.66666667
POTRAVINY	HERBAL TEAS 		Fenugreek 		100	0	0
POTRAVINY	HERBAL TEAS 		Fenugreek 		0	-100	0
POTRAVINY	HERBAL TEAS 		Fenugreek 		0	0	100
POTRAVINY	HERBAL TEAS 		Ginger		0	0	100
POTRAVINY	HERBAL TEAS 		Ginger (dry) 		0	-100	0
POTRAVINY	HERBAL TEAS 		Ginger (fresh) 		100	0	0
POTRAVINY	HERBAL TEAS 		Ginger (fresh) 		0	100	0
POTRAVINY	HERBAL TEAS 		Ginseng		-100	0	0
POTRAVINY	HERBAL TEAS 		Ginseng		0	-100	0
POTRAVINY	HERBAL TEAS 		Ginseng		0	0	66.66666667
POTRAVINY	HERBAL TEAS 		Hawthorne 		100	0	0
POTRAVINY	HERBAL TEAS 		Hawthorne 		0	-100	0
POTRAVINY	HERBAL TEAS 		Hibiscus		-100	0	0
POTRAVINY	HERBAL TEAS 		Hibiscus		0	100	0
POTRAVINY	HERBAL TEAS 		Hibiscus		0	0	100
POTRAVINY	HERBAL TEAS 		Hops		0	100	0
POTRAVINY	HERBAL TEAS 		Hops		-33.33333333	0	0
POTRAVINY	HERBAL TEAS 		Jasmine		0	100	0
POTRAVINY	HERBAL TEAS 		Jasmine		0	0	100
POTRAVINY	HERBAL TEAS 		Jasmine		-33.33333333	0	0
POTRAVINY	HERBAL TEAS 		Juniper berry 		100	0	0
POTRAVINY	HERBAL TEAS 		Juniper berry 		0	-100	0
POTRAVINY	HERBAL TEAS 		Juniper berry 		0	0	100
POTRAVINY	HERBAL TEAS 		Kukicha		0	100	0
POTRAVINY	HERBAL TEAS 		Kukicha		0	0	100
POTRAVINY	HERBAL TEAS 		Kukicha		66.66666667	0	0
POTRAVINY	HERBAL TEAS 		Lavender		100	0	0
POTRAVINY	HERBAL TEAS 		Lavender		0	100	0
POTRAVINY	HERBAL TEAS 		Lavender		0	0	100
POTRAVINY	HERBAL TEAS 		Lemon balm 		0	100	0
POTRAVINY	HERBAL TEAS 		Lemon balm 		0	0	100
POTRAVINY	HERBAL TEAS 		Lemon balm 		-33.33333333	0	0
POTRAVINY	HERBAL TEAS 		Lemon grass 		100	0	0
POTRAVINY	HERBAL TEAS 		Lemon grass 		0	100	0
POTRAVINY	HERBAL TEAS 		Lemon grass 		0	0	100
POTRAVINY	HERBAL TEAS 		Licorice 		100	0	0
POTRAVINY	HERBAL TEAS 		Licorice 		0	100	0
POTRAVINY	HERBAL TEAS 		Licorice 		0	0	-33.33333333
POTRAVINY	HERBAL TEAS 		Marshmallow 		100	0	0
POTRAVINY	HERBAL TEAS 		Marshmallow 		0	100	0
POTRAVINY	HERBAL TEAS 		Marshmallow  		0	0	-100
POTRAVINY	HERBAL TEAS 		Mormon čaj 		-100	0	0
POTRAVINY	HERBAL TEAS 		Mormon čaj 		0	-100	0
POTRAVINY	HERBAL TEAS 		Mormon čaj 		0	0	100
POTRAVINY	HERBAL TEAS 		Nettle		0	100	0
POTRAVINY	HERBAL TEAS 		Nettle		0	0	100
POTRAVINY	HERBAL TEAS 		Nettle		-33.33333333	0	0
POTRAVINY	HERBAL TEAS 		Oat straw 		100	0	0
POTRAVINY	HERBAL TEAS 		Oat Straw 		0	100	0
POTRAVINY	HERBAL TEAS 		Pomaranč peel 		100	0	0
POTRAVINY	HERBAL TEAS 		Passion flower 		0	100	0
POTRAVINY	HERBAL TEAS 		Passion flower 		0	0	100
POTRAVINY	HERBAL TEAS 		Passion flower 		-33.33333333	0	0
POTRAVINY	HERBAL TEAS 		Pennyroyal 		100	0	0
POTRAVINY	HERBAL TEAS 		Pennyroyal 		0	-100	0
POTRAVINY	HERBAL TEAS 		Peppermint		100	0	0
POTRAVINY	HERBAL TEAS 		Peppermint		0	100	0
POTRAVINY	HERBAL TEAS 		Peppermint		0	0	100
POTRAVINY	HERBAL TEAS 		Raspberry 		0	100	0
POTRAVINY	HERBAL TEAS 		Raspberry 		0	0	100
POTRAVINY	HERBAL TEAS 		Raspberry 		66.66666667	0	0
POTRAVINY	HERBAL TEAS 		Red clover 		0	100	0
POTRAVINY	HERBAL TEAS 		Red clover 		0	0	100
POTRAVINY	HERBAL TEAS 		Red clover 		-33.33333333	0	0
POTRAVINY	HERBAL TEAS 		Red Zinger 		0	0	-100
POTRAVINY	HERBAL TEAS 		Red Zinger  		0	-100	0
POTRAVINY	HERBAL TEAS 		Red Zinger  		-33.33333333	0	0
POTRAVINY	HERBAL TEAS 		Rosehip		0	-33.33333333	0
POTRAVINY	HERBAL TEAS 		Rosehip		0	0	-33.33333333
POTRAVINY	HERBAL TEAS 		Rosehip		100	0	0
POTRAVINY	HERBAL TEAS 		Saffron		100	0	0
POTRAVINY	HERBAL TEAS 		Sage		100	0	0
POTRAVINY	HERBAL TEAS 		Sage		0	-100	0
POTRAVINY	HERBAL TEAS 		Sarsaparilla		100	0	0
POTRAVINY	HERBAL TEAS 		Sarsaparilla		0	100	0
POTRAVINY	HERBAL TEAS 		Sarsaparilla		0	0	66.66666667
POTRAVINY	HERBAL TEAS 		Sassafras 		100	0	0
POTRAVINY	HERBAL TEAS 		Sassafras 		0	-100	0
POTRAVINY	HERBAL TEAS 		Sassafras 		0	0	100
POTRAVINY	HERBAL TEAS 		Spearmint		100	0	0
POTRAVINY	HERBAL TEAS 		Spearmint		0	100	0
POTRAVINY	HERBAL TEAS 		Spearmint		0	0	100
POTRAVINY	HERBAL TEAS 		Strawberry 		0	100	0
POTRAVINY	HERBAL TEAS 		Strawberry 		0	0	100
POTRAVINY	HERBAL TEAS 		Strawberry 		66.66666667	0	0
POTRAVINY	HERBAL TEAS 		Violet		0	100	0
POTRAVINY	HERBAL TEAS 		Violet		-33.33333333	0	0
POTRAVINY	HERBAL TEAS 		Wintergreen		0	100	0
POTRAVINY	HERBAL TEAS 		Wintergreen		0	0	100
POTRAVINY	HERBAL TEAS 		Wintergreen		66.66666667	0	0
POTRAVINY	HERBAL TEAS 		Yarrow		0	100	0
POTRAVINY	HERBAL TEAS 		Yarrow 		-100	0	0
POTRAVINY	HERBAL TEAS 		Yarrow 		0	0	100
POTRAVINY	HERBAL TEAS 		Yerba Mate 		0	-100	0
POTRAVINY	HERBAL TEAS 		Yerba Mate 		0	0	100
POTRAVINY	HERBAL TEAS 		Yerba Mate 		-33.33333333	0	0
POTRAVINY	LEGUMES		Aduki beans 		-100	0	0
POTRAVINY	LEGUMES		Aduki beans 		0	100	0
POTRAVINY	LEGUMES		Aduki beans 		0	0	100
POTRAVINY	LEGUMES		Black beans 		-100	0	0
POTRAVINY	LEGUMES		Black beans 		0	100	0
POTRAVINY	LEGUMES		Black beans 		0	0	100
POTRAVINY	LEGUMES		Black-eyed peas 		-100	0	0
POTRAVINY	LEGUMES		Black-eyed peas 		0	100	0
POTRAVINY	LEGUMES		Black-eyed peas 		0	0	100
POTRAVINY	LEGUMES		Chick peas (garbanzo beans) 		-100	0	0
POTRAVINY	LEGUMES		Chick peas (garbanzo beans) 		0	100	0
POTRAVINY	LEGUMES		Chick peas (garbanzo beans) 		0	0	100
POTRAVINY	LEGUMES		Kidney beans 		-100	0	0
POTRAVINY	LEGUMES		Kidney beans 		0	100	0
POTRAVINY	LEGUMES		Kidney beans 		0	0	-100
POTRAVINY	LEGUMES		Lentils	brown	-100	0	0
POTRAVINY	LEGUMES		Lentils	red	0	0	100
POTRAVINY	LEGUMES		Lentils	brown	0	0	100
POTRAVINY	LEGUMES		Lentils	red	66.66666667	0	0
POTRAVINY	LEGUMES		Lentils	red	0	100	0
POTRAVINY	LEGUMES		Lentils	brown	0	100	0
POTRAVINY	LEGUMES		Lima beans 		-100	0	0
POTRAVINY	LEGUMES		Lima beans 		0	100	0
POTRAVINY	LEGUMES		Lima beans 		0	0	100
POTRAVINY	LEGUMES		Miso		0	-100	0
POTRAVINY	LEGUMES		Miso		0	0	-100
POTRAVINY	LEGUMES		Miso		-33.33333333	0	0
POTRAVINY	LEGUMES		Mung beans 		100	0	0
POTRAVINY	LEGUMES		Mung beans 		0	100	0
POTRAVINY	LEGUMES		Mung beans		0	0	66.66666667
POTRAVINY	LEGUMES		Mung dal 		100	0	0
POTRAVINY	LEGUMES		Mung dal 		0	100	0
POTRAVINY	LEGUMES		Mung dal		0	0	66.66666667
POTRAVINY	LEGUMES		Navy beans 		-100	0	0
POTRAVINY	LEGUMES		Navy beans 		0	0	100
POTRAVINY	LEGUMES		Navy beans 		0	100	0
POTRAVINY	LEGUMES		Peas	dry	-100	0	0
POTRAVINY	LEGUMES		Peas	dry	0	100	0
POTRAVINY	LEGUMES		Peas	dry	0	0	100
POTRAVINY	LEGUMES		Pinto beans 		-100	0	0
POTRAVINY	LEGUMES		Pinto beans 		0	100	0
POTRAVINY	LEGUMES		Pinto beans 		0	0	100
POTRAVINY	LEGUMES		Sója beans 		0	0	-100
POTRAVINY	LEGUMES		Sója beans 		-100	0	0
POTRAVINY	LEGUMES		Sója beans 		0	100	0
POTRAVINY	LEGUMES		Sója cheese 		0	0	-100
POTRAVINY	LEGUMES		Sója cheese 		0	100	0
POTRAVINY	LEGUMES		Sója cheese 		66.66666667	0	0
POTRAVINY	LEGUMES		Sója flour 		0	0	-100
POTRAVINY	LEGUMES		Sója flour 		-100	0	0
POTRAVINY	LEGUMES		Sója flour 		0	66.66666667	0
POTRAVINY	LEGUMES		Sója mlieko 		0	0	100
POTRAVINY	LEGUMES		Sója mlieko  		0	100	0
POTRAVINY	LEGUMES		Sója mlieko  		66.66666667	0	0
POTRAVINY	LEGUMES		Sója powder 		0	0	-100
POTRAVINY	LEGUMES		Sója powder 		-100	0	0
POTRAVINY	LEGUMES		Sója powder 		0	66.66666667	0
POTRAVINY	LEGUMES		Sója sauce 		0	-100	0
POTRAVINY	LEGUMES		Sója sauce 		0	0	-100
POTRAVINY	LEGUMES		Sója sauce 		66.66666667	0	0
POTRAVINY	LEGUMES		Sója sausages 		0	-100	0
POTRAVINY	LEGUMES		Sója sausages 		0	0	100
POTRAVINY	LEGUMES		Sója sausages 		66.66666667	0	0
POTRAVINY	LEGUMES		Split peas 		-100	0	0
POTRAVINY	LEGUMES		Split peas 		0	100	0
POTRAVINY	LEGUMES		Split peas 		0	0	100
POTRAVINY	LEGUMES		Tempeh		-100	0	0
POTRAVINY	LEGUMES		Tempeh		0	100	0
POTRAVINY	LEGUMES		Tempeh		0	0	100
POTRAVINY	LEGUMES		Tofu		0	100	0
POTRAVINY	LEGUMES		Tofu	cold	0	0	-100
POTRAVINY	LEGUMES		Tofu	hot	0	0	66.66666667
POTRAVINY	LEGUMES		Tofu		66.66666667	0	0
POTRAVINY	LEGUMES		Tur dal 		100	0	0
POTRAVINY	LEGUMES		Tur dal 		0	-100	0
POTRAVINY	LEGUMES		Tur dal 		0	0	100
POTRAVINY	LEGUMES		Urad dal		100	0	0
POTRAVINY	LEGUMES		Urad dal		0	-100	0
POTRAVINY	LEGUMES		Urad dal 		0	0	-100
POTRAVINY	LEGUMES		White beans 		-100	0	0
POTRAVINY	LEGUMES		White beans 		0	100	0
POTRAVINY	LEGUMES		White beans 		0	0	100
POTRAVINY	OILS		Mandľa		0	-100	0
POTRAVINY	OILS		Mandľa	external and internal	0	0	95
POTRAVINY	OILS		Apricot		0	-100	-100
POTRAVINY	OILS		Avocado	external use	100	0	0
POTRAVINY	OILS		Avocado	external use	0	100	0
POTRAVINY	OILS		Avocado		0	0	-100
POTRAVINY	OILS		Canola	external and internal	0	98	0
POTRAVINY	OILS		Canola	external and internal	0	0	99
POTRAVINY	SEEDS		Chia		100	0	0
POTRAVINY	SEEDS		Chia		0	-100	0
POTRAVINY	SEEDS		Chia		0	0	100
POTRAVINY	OILS		Coconut	external use	100	0	0
POTRAVINY	OILS		Coconut	external use	0	100	0
POTRAVINY	OILS		Coconut		0	0	-100
POTRAVINY	OILS		Corn		0	-100	0
POTRAVINY	OILS		Corn	external and internal	0	0	100
POTRAVINY	SEEDS		Flax 		100	0	0
POTRAVINY	SEEDS		Flax 		0	100	0
POTRAVINY	OILS		Flax seed		-100	0	0
POTRAVINY	OILS		Flax seed 	external and internal	0	95	0
POTRAVINY	OILS		Flax seed 		0	0	-33.33333333
POTRAVINY	SEEDS		Flax		0	0	66.66666667
POTRAVINY	OILS		Ghee	external and internal	99	0	0
POTRAVINY	OILS		Ghee	external and internal	0	99	0
POTRAVINY	OILS		Ghee	external and internal	0	0	96
POTRAVINY	SEEDS		Halva		100	0	0
POTRAVINY	SEEDS		Halva		0	100	0
POTRAVINY	SEEDS		Halva		0	0	-100
POTRAVINY	OILS	*	Most other oils 	external and internal	97	0	0
POTRAVINY	OILS		Olive 	external and internal	98	0	0
POTRAVINY	OILS		Olive 	external and internal	0	97	0
POTRAVINY	OILS		Olive 		0	0	-100
POTRAVINY	SEEDS		Popcorn		-100	0	0
POTRAVINY	SEEDS		Popcorn	no salt, buttered	0	100	0
POTRAVINY	SEEDS		Popcorn	no salt, no butter	0	0	100
POTRAVINY	OILS		Primrose	external and internal	0	94	0
POTRAVINY	OILS		Primrose		0	0	-100
POTRAVINY	SEEDS		Psyllium 		0	100	0
POTRAVINY	SEEDS		Psyllium 		-33.33333333	0	0
POTRAVINY	SEEDS		Psyllium 		0	0	-33.33333333
POTRAVINY	SEEDS		Pumpkin		100	0	0
POTRAVINY	SEEDS		Pumpkin		0	66.66666667	0
POTRAVINY	SEEDS		Pumpkin		0	0	66.66666667
POTRAVINY	OILS		Safflower 		0	-100	0
POTRAVINY	OILS		Safflower 		0	0	-100
POTRAVINY	OILS		Sesame	external and internal	100	0	0
POTRAVINY	SEEDS		Sesame		0	-100	0
POTRAVINY	SEEDS		Sesame		0	0	-100
POTRAVINY	SEEDS		Sesame		100	0	0
POTRAVINY	OILS		Sesame		0	-100	0
POTRAVINY	OILS		Sesame	external	0	0	98
POTRAVINY	OILS		Sesame	internal	0	0	-100
POTRAVINY	OILS		Sója 	external and internal	0	96	0
POTRAVINY	OILS		Sója 		0	0	-100
POTRAVINY	SEEDS		Sunflower 		100	0	0
POTRAVINY	OILS		Sunflower 	external and internal	0	100	0
POTRAVINY	SEEDS		Sunflower 		0	100	0
POTRAVINY	OILS		Sunflower 	external and internal	0	0	97
POTRAVINY	SEEDS		Sunflower 		0	0	66.66666667
POTRAVINY	SEEDS		Tahini		100	0	0
POTRAVINY	SEEDS		Tahini		0	-100	0
POTRAVINY	SEEDS		Tahini		0	0	-100
POTRAVINY	OILS		Walnut	external and internal	0	93	0
POTRAVINY	OILS		Walnut		0	0	-100
POTRAVINY	SPICES		Ajwan 		100	-100	0
POTRAVINY	SPICES		Ajwan 		0	0	100
POTRAVINY	SPICES	*	All spices are good		100	0	0
POTRAVINY	SPICES	*	All spices are good		0	0	100
POTRAVINY	SPICES		Allspice 		100	0	0
POTRAVINY	SPICES		Allspice 		0	-100	0
POTRAVINY	SPICES		Allspice 		0	0	100
POTRAVINY	SPICES		Mandľa extract 		100	-100	100
POTRAVINY	SPICES		Anise		100	0	0
POTRAVINY	SPICES		Anise		0	-100	0
POTRAVINY	SPICES		Anise		0	0	100
POTRAVINY	SPICES		Asafoetida (hing) 		100	0	0
POTRAVINY	SPICES		Asafoetida (hing) 		0	-100	0
POTRAVINY	SPICES		Asafoetida (hing) 		0	0	100
POTRAVINY	SPICES		Basil		100	0	0
POTRAVINY	SPICES		Basil		0	0	100
POTRAVINY	SPICES		Basil	dry	0	-100	0
POTRAVINY	SPICES		Basil	fresh	0	100	0
POTRAVINY	SPICES		Bay leaf 		100	0	0
POTRAVINY	SPICES		Bay leaf 		0	-100	0
POTRAVINY	SPICES		Bay leaf 		0	0	100
POTRAVINY	SPICES		Black pepper 		100	0	0
POTRAVINY	SPICES		Black pepper 		0	0	100
POTRAVINY	SPICES		Black pepper 		0	66.66666667	0
POTRAVINY	SPICES		Caraway 		100	0	0
POTRAVINY	SPICES		Caraway 		0	0	100
POTRAVINY	SPICES		Caraway 		0	66.66666667	0
POTRAVINY	SPICES		Cardamom		100	0	0
POTRAVINY	SPICES		Cardamom		0	0	100
POTRAVINY	SPICES		Cardamom		0	66.66666667	0
POTRAVINY	SPICES		Cayenne 		0	-100	0
POTRAVINY	SPICES		Cayenne 		0	0	100
POTRAVINY	SPICES		Cayenne 		66.66666667	0	0
POTRAVINY	SPICES		Cinnamon		100	0	0
POTRAVINY	SPICES		Cinnamon		0	100	0
POTRAVINY	SPICES		Cinnamon		0	0	100
POTRAVINY	SPICES		Cloves		100	0	0
POTRAVINY	SPICES		Cloves		0	-100	0
POTRAVINY	SPICES		Cloves		0	0	100
POTRAVINY	SPICES		Coriander		100	0	0
POTRAVINY	SPICES		Coriander		0	100	0
POTRAVINY	SPICES		Coriander		0	0	100
POTRAVINY	SPICES		Cumin		100	0	0
POTRAVINY	SPICES		Cumin		0	100	0
POTRAVINY	SPICES		Cumin		0	0	100
POTRAVINY	SPICES		Dill		100	0	0
POTRAVINY	SPICES		Dill		0	100	0
POTRAVINY	SPICES		Dill		0	0	100
POTRAVINY	SPICES		Fennel		100	0	0
POTRAVINY	SPICES		Fennel		0	100	0
POTRAVINY	SPICES		Fennel		0	0	66.66666667
POTRAVINY	SPICES		Fenugreek 		0	-100	0
POTRAVINY	SPICES		Fenugreek 		0	0	100
POTRAVINY	SPICES		Fenugreek 		66.66666667	0	0
POTRAVINY	SPICES		Garlic		0	0	100
POTRAVINY	SPICES		Garlic 		100	0	0
POTRAVINY	SPICES		Garlic 		0	-100	0
POTRAVINY	SPICES		Ginger 		100	0	0
POTRAVINY	SPICES		Ginger 		0	0	100
POTRAVINY	SPICES		Ginger 	dry	0	-100	0
POTRAVINY	SPICES		Ginger 	fresh	0	100	0
POTRAVINY	SPICES		Mace		0	-100	0
POTRAVINY	SPICES		Marjoram		0	-100	0
POTRAVINY	SPICES		Marjoram		100	0	0
POTRAVINY	SPICES		Marjoram		0	0	100
POTRAVINY	SPICES		Mint		0	100	0
POTRAVINY	SPICES		Mint		100	0	0
POTRAVINY	SPICES		Mint		0	0	100
POTRAVINY	SPICES		Mustard seeds 		0	-100	0
POTRAVINY	SPICES		Mustard seeds 		100	0	0
POTRAVINY	SPICES		Mustard seeds 		0	0	100
POTRAVINY	SPICES		Neem leaves 		0	0	100
POTRAVINY	SPICES		Neem leaves		0	66.66666667	0
POTRAVINY	SPICES		Nutmeg		0	-100	0
POTRAVINY	SPICES		Nutmeg		100	0	0
POTRAVINY	SPICES		Nutmeg		0	0	100
POTRAVINY	SPICES		Pomaranč peel 		100	0	0
POTRAVINY	SPICES		Pomaranč peel 		0	0	100
POTRAVINY	SPICES		Pomaranč peel 		0	66.66666667	0
POTRAVINY	SPICES		Oregano 		0	-100	0
POTRAVINY	SPICES		Oregano 		100	0	0
POTRAVINY	SPICES		Oregano 		0	0	100
POTRAVINY	SPICES		Paprika		0	-100	0
POTRAVINY	SPICES		Paprika		100	0	0
POTRAVINY	SPICES		Paprika		0	0	100
POTRAVINY	SPICES		Parsley 		100	0	0
POTRAVINY	SPICES		Parsley 		0	0	100
POTRAVINY	SPICES		Parsley 		0	66.66666667	0
POTRAVINY	SPICES		Peppermint		0	100	0
POTRAVINY	SPICES		Peppermint		100	0	0
POTRAVINY	SPICES		Peppermint		0	0	100
POTRAVINY	SPICES		Pippali		0	-100	0
POTRAVINY	SPICES		Pippali		100	0	0
POTRAVINY	SPICES		Pippali		0	0	100
POTRAVINY	SPICES		Poppy seeds		0	-100	0
POTRAVINY	SPICES		Poppy seeds 		100	0	0
POTRAVINY	SPICES		Poppy seeds 		0	0	100
POTRAVINY	SPICES		Rosemary 		100	0	0
POTRAVINY	SPICES		Rosemary 		0	-100	0
POTRAVINY	SPICES		Rosemary 		0	0	100
POTRAVINY	SPICES		Saffron		0	100	0
POTRAVINY	SPICES		Saffron		100	0	0
POTRAVINY	SPICES		Saffron		0	0	100
POTRAVINY	SPICES		Sage		0	-100	0
POTRAVINY	SPICES		Salt		0	0	-100
POTRAVINY	SPICES		Salt		100	0	0
POTRAVINY	SPICES		Salt		0	-100	0
POTRAVINY	SPICES		Savory 		100	0	0
POTRAVINY	SPICES		Savory 		0	-100	0
POTRAVINY	SPICES		Savory 		0	0	100
POTRAVINY	SPICES		Spearmint		0	100	0
POTRAVINY	SPICES		Spearmint		100	0	0
POTRAVINY	SPICES		Spearmint		0	0	100
POTRAVINY	SPICES		Star anise 		100	0	0
POTRAVINY	SPICES		Star anise 		0	-100	0
POTRAVINY	SPICES		Star Anise 		0	0	100
POTRAVINY	SPICES		Tarragon 		100	0	0
POTRAVINY	SPICES		Tarragon 		0	0	100
POTRAVINY	SPICES		Tarragon 		0	66.66666667	0
POTRAVINY	SPICES		Thyme 		100	0	0
POTRAVINY	SPICES		Thyme 		0	-100	0
POTRAVINY	SPICES		Thyme 		0	0	100
POTRAVINY	SPICES		Turmeric 		0	100	0
POTRAVINY	SPICES		Turmeric 		100	0	0
POTRAVINY	SPICES		Turmeric 		0	0	100
POTRAVINY	SPICES		Vanilla		100	0	0
POTRAVINY	SPICES		Vanilla		0	66.66666667	0
POTRAVINY	SPICES		Vanilla		0	0	66.66666667
POTRAVINY	SPICES		Wintergreen		100	0	0
POTRAVINY	SPICES		Wintergreen		0	100	0
POTRAVINY	SPICES		Wintergreen		0	0	100
POTRAVINY	SWEETENERS		Barley malt 		100	0	0
POTRAVINY	SWEETENERS		Barley malt 		0	100	0
POTRAVINY	SWEETENERS		Barley Malt 		0	0	-100
POTRAVINY	SWEETENERS		concentrates		100	0	0
POTRAVINY	SWEETENERS		concentrates		0	100	0
POTRAVINY	SWEETENERS		concentrates		0	0	100
POTRAVINY	SWEETENERS		sugar cane šťava 	dried	100	0	0
POTRAVINY	SWEETENERS		sugar cane šťava 	dried	0	100	0
POTRAVINY	SWEETENERS		sugar cane šťava 	dried	0	0	-100
POTRAVINY	SWEETENERS		sugar cane šťava 	fresh	100	0	0
POTRAVINY	SWEETENERS		sugar cane šťava 	fresh	0	100	0
POTRAVINY	SWEETENERS		sugar cane šťava 	fresh	0	0	-100
POTRAVINY	SWEETENERS		Fructose 		100	0	0
POTRAVINY	SWEETENERS		Fructose 		0	100	0
POTRAVINY	SWEETENERS		Fructose 		0	0	-100
POTRAVINY	SWEETENERS		Fruit šťava 		100	0	0
POTRAVINY	SWEETENERS		Fruit šťava 		0	100	0
POTRAVINY	SWEETENERS		Fruit šťava  		0	0	100
POTRAVINY	SWEETENERS		Honey 		100	0	0
POTRAVINY	SWEETENERS		Honey 	raw & not processed	0	0	100
POTRAVINY	SWEETENERS		Honey 		0	-33.33333333	0
POTRAVINY	SWEETENERS		Jaggary 		100	0	0
POTRAVINY	SWEETENERS		Jaggary 		0	-100	0
POTRAVINY	SWEETENERS		Jaggary 		0	0	-100
POTRAVINY	SWEETENERS		Maple syrup 		0	100	0
POTRAVINY	SWEETENERS		Maple syrup 		0	0	-100
POTRAVINY	SWEETENERS		Maple syrup 		-33.33333333	0	0
POTRAVINY	SWEETENERS		Molasses		100	0	0
POTRAVINY	SWEETENERS		Molasses		0	-100	0
POTRAVINY	SWEETENERS		Molasses		0	0	-100
POTRAVINY	SWEETENERS		Ryža syrup 		100	0	0
POTRAVINY	SWEETENERS		Ryža syrup 		0	100	0
POTRAVINY	SWEETENERS		Ryža syrup 		0	0	-100
POTRAVINY	SWEETENERS		Turbinado		100	0	0
POTRAVINY	SWEETENERS		Turbinado		0	100	0
POTRAVINY	SWEETENERS		Turbinado		0	0	-100
POTRAVINY	SWEETENERS		White sugar 		-100	0	0
POTRAVINY	SWEETENERS		White sugar 		0	0	-100
POTRAVINY	SWEETENERS		White sugar 		0	-33.33333333	0
POTRAVINY	VEGETABLES		Artichoke		-100	0	0
POTRAVINY	VEGETABLES		Artichoke		0	100	0
POTRAVINY	VEGETABLES		Artichoke		0	0	100
POTRAVINY	VEGETABLES		Asparagus		100	0	0
POTRAVINY	VEGETABLES		Asparagus		0	100	0
POTRAVINY	VEGETABLES		Asparagus		0	0	100
POTRAVINY	VEGETABLES		Beet greens 		0	-100	0
POTRAVINY	VEGETABLES		Beet greens 		0	0	100
POTRAVINY	VEGETABLES		Beet greens 		-33.33333333	0	0
POTRAVINY	VEGETABLES		Beets		100	0	0
POTRAVINY	VEGETABLES		Beets		0	0	100
POTRAVINY	VEGETABLES		Beets	cooked	0	100	0
POTRAVINY	VEGETABLES		Beets	raw	0	-100	0
POTRAVINY	VEGETABLES		Bitter melon 		-100	0	0
POTRAVINY	VEGETABLES		Bitter melon 		0	100	0
POTRAVINY	VEGETABLES		Bitter melon 		0	0	100
POTRAVINY	VEGETABLES		Broccoli 		-100	0	0
POTRAVINY	VEGETABLES		Broccoli 		0	100	0
POTRAVINY	VEGETABLES		Broccoli 		0	0	100
POTRAVINY	VEGETABLES		Brussels sprouts 		-100	0	0
POTRAVINY	VEGETABLES		Brussels sprouts 		0	100	0
POTRAVINY	VEGETABLES		Brussels sprouts 		0	0	100
POTRAVINY	VEGETABLES		Burdock root 		-100	0	0
POTRAVINY	VEGETABLES		Burdock root 		0	-100	0
POTRAVINY	VEGETABLES		Burdock root 		0	0	100
POTRAVINY	VEGETABLES		Cabbage		0	100	0
POTRAVINY	VEGETABLES		Cabbage		0	0	100
POTRAVINY	VEGETABLES		Cabbage	raw	-100	0	0
POTRAVINY	VEGETABLES		Cabbage	cooked	66.66666667	0	0
POTRAVINY	VEGETABLES		Carrots		100	0	0
POTRAVINY	VEGETABLES		Carrots		0	0	100
POTRAVINY	VEGETABLES		Carrots	cooked	0	100	0
POTRAVINY	VEGETABLES		Carrots 	raw	0	66.66666667	0
POTRAVINY	VEGETABLES		Cauliflower 		0	100	0
POTRAVINY	VEGETABLES		Cauliflower 		0	0	100
POTRAVINY	VEGETABLES		Cauliflower 	raw	-100	0	0
POTRAVINY	VEGETABLES		Cauliflower 		66.66666667	0	0
POTRAVINY	VEGETABLES		Celery 		-100	0	0
POTRAVINY	VEGETABLES		Celery 		0	100	0
POTRAVINY	VEGETABLES		Celery 		0	0	100
POTRAVINY	VEGETABLES		Cilantro		100	0	0
POTRAVINY	VEGETABLES		Cilantro		0	100	0
POTRAVINY	VEGETABLES		Cilantro		0	0	100
POTRAVINY	VEGETABLES		Corn		0	0	100
POTRAVINY	VEGETABLES		Corn	fresh	-33.33333333	0	0
POTRAVINY	VEGETABLES		Corn	fresh	0	-33.33333333	0
POTRAVINY	VEGETABLES		Cucumber		100	0	0
POTRAVINY	VEGETABLES		Cucumber		0	100	0
POTRAVINY	VEGETABLES		Cucumber		0	0	-100
POTRAVINY	VEGETABLES		Daikon radish 		0	-100	0
POTRAVINY	VEGETABLES		Daikon radish 		0	0	100
POTRAVINY	VEGETABLES		Daikon radish 		66.66666667	0	0
POTRAVINY	VEGETABLES		Dandelion greens 		-100	0	0
POTRAVINY	VEGETABLES		Dandelion greens 		0	0	100
POTRAVINY	VEGETABLES		Dandelion greens  		0	100	0
POTRAVINY	VEGETABLES		Eggplant		-100	0	0
POTRAVINY	VEGETABLES		Eggplant		0	0	100
POTRAVINY	VEGETABLES		Eggplant		0	-33.33333333	0
POTRAVINY	VEGETABLES		Fennel (Anise)		100	0	0
POTRAVINY	VEGETABLES		Fennel (Anise) 		0	100	0
POTRAVINY	VEGETABLES		Fennel (Anise) 		0	0	100
POTRAVINY	VEGETABLES		Garlic		100	0	0
POTRAVINY	VEGETABLES		Garlic 		0	-100	0
POTRAVINY	VEGETABLES		Garlic 		0	0	100
POTRAVINY	VEGETABLES	*	Frozen vegetables		-100	0	0
POTRAVINY	VEGETABLES	*	Raw vegetables		-100	0	0
POTRAVINY	VEGETABLES	*	Dried vegetables		-100	0	0
POTRAVINY	VEGETABLES		Green beans		100	0	0
POTRAVINY	VEGETABLES		Green beans 		0	100	0
POTRAVINY	VEGETABLES		Green beans 		0	0	100
POTRAVINY	VEGETABLES		Green chilies		100	0	0
POTRAVINY	VEGETABLES		Green chilies 		0	-100	0
POTRAVINY	VEGETABLES		Green chilies 		0	0	100
POTRAVINY	VEGETABLES		Horseradish		0	-100	0
POTRAVINY	VEGETABLES		Horseradish		0	0	100
POTRAVINY	VEGETABLES		Horseradish		-33.33333333	0	0
POTRAVINY	VEGETABLES	*	Most pungent & bitter vegetables		0	0	100
POTRAVINY	VEGETABLES	*	Pungent vegetables		0	-100	0
POTRAVINY	VEGETABLES	*	sladké & bitter vegetables		0	100	0
POTRAVINY	VEGETABLES	*	sladké & juicy vegetables		0	0	-100
POTRAVINY	VEGETABLES	*	Vegetables should be cooked		100	0	0
POTRAVINY	VEGETABLES		Jerusalem 		0	100	0
POTRAVINY	VEGETABLES		Jerusalem artichoke		0	0	100
POTRAVINY	VEGETABLES		Jerusalem artichoke		66.66666667	0	0
POTRAVINY	VEGETABLES		Kale		-100	0	0
POTRAVINY	VEGETABLES		Kale		0	100	0
POTRAVINY	VEGETABLES		Kale		0	0	100
POTRAVINY	VEGETABLES		Kohlrabi		-100	0	0
POTRAVINY	VEGETABLES		Kohlrabi		0	0	100
POTRAVINY	VEGETABLES		Kohlrabi		0	-33.33333333	0
POTRAVINY	VEGETABLES		Leafy greens 		0	100	0
POTRAVINY	VEGETABLES		Leafy greens 		0	0	100
POTRAVINY	VEGETABLES		Leafy greens 		66.66666667	0	0
POTRAVINY	VEGETABLES		Leeks		100	0	0
POTRAVINY	VEGETABLES		Leeks		0	0	100
POTRAVINY	VEGETABLES		Leeks	cooked	0	100	0
POTRAVINY	VEGETABLES		Leeks	raw	0	-100	0
POTRAVINY	VEGETABLES		Lettuce		0	100	0
POTRAVINY	VEGETABLES		Lettuce		0	0	100
POTRAVINY	VEGETABLES		Lettuce		66.66666667	0	0
POTRAVINY	VEGETABLES		Mushrooms 		0	100	0
POTRAVINY	VEGETABLES		Mushrooms  		-100	0	0
POTRAVINY	VEGETABLES		Mushrooms  		0	0	100
POTRAVINY	VEGETABLES		Mustard greens 		0	-100	0
POTRAVINY	VEGETABLES		Mustard greens 		0	0	100
POTRAVINY	VEGETABLES		Mustard greens 		66.66666667	0	0
POTRAVINY	VEGETABLES		Okra 		100	0	0
POTRAVINY	VEGETABLES		Okra 		0	100	0
POTRAVINY	VEGETABLES		Okra 		0	0	100
POTRAVINY	VEGETABLES		Olives	black	100	0	0
POTRAVINY	VEGETABLES		Olives	black	0	100	0
POTRAVINY	VEGETABLES		Olives	black	0	0	-100
POTRAVINY	VEGETABLES		Olives	green	0	0	-100
POTRAVINY	VEGETABLES		Olives	green	-100	0	0
POTRAVINY	VEGETABLES		Olives	green	0	-100	0
POTRAVINY	VEGETABLES		Onions		0	0	100
POTRAVINY	VEGETABLES		Onions	cooked	0	100	0
POTRAVINY	VEGETABLES		Onions	cooked	66.66666667	0	0
POTRAVINY	VEGETABLES		Onions	raw	-100	0	0
POTRAVINY	VEGETABLES		Onions	raw	0	-100	0
POTRAVINY	VEGETABLES		Parsley 		0	100	0
POTRAVINY	VEGETABLES		Parsley 		0	0	100
POTRAVINY	VEGETABLES		Parsley 		66.66666667	0	0
POTRAVINY	VEGETABLES		Parsnip		100	0	0
POTRAVINY	VEGETABLES		Parsnips		0	100	0
POTRAVINY	VEGETABLES		Parsnips		0	0	-33.33333333
POTRAVINY	VEGETABLES		Peas		0	100	0
POTRAVINY	VEGETABLES		Peas		0	0	100
POTRAVINY	VEGETABLES		Peas	cooked	100	0	0
POTRAVINY	VEGETABLES		Peas		-100	0	0
POTRAVINY	VEGETABLES		Peppers	hot	0	-100	0
POTRAVINY	VEGETABLES		Peppers	sladké	0	100	0
POTRAVINY	VEGETABLES		Peppers	sladké	-100	0	0
POTRAVINY	VEGETABLES		Peppers	sladké	0	0	100
POTRAVINY	VEGETABLES		Peppers	hot	-100	0	0
POTRAVINY	VEGETABLES		Peppers	hot	0	0	100
POTRAVINY	VEGETABLES		Potatoes	sladké	100	0	0
POTRAVINY	VEGETABLES		Potatoes	sladké	0	0	-100
POTRAVINY	VEGETABLES		Potatoes	sladké	0	100	0
POTRAVINY	VEGETABLES		Potatoes	white	0	100	0
POTRAVINY	VEGETABLES		Potatoes	white	-100	0	0
POTRAVINY	VEGETABLES		Potatoes	white	0	0	100
POTRAVINY	VEGETABLES		Prickly pear	fruit	-100	0	0
POTRAVINY	VEGETABLES		Prickly pear	fruit	0	0	100
POTRAVINY	VEGETABLES		Prickly pear	leaves	-100	0	0
POTRAVINY	VEGETABLES		Prickly pear	leaves	0	0	100
POTRAVINY	VEGETABLES		Prickly pear	fruit	0	-100	0
POTRAVINY	VEGETABLES		Prickly pear	leaves	0	100	0
POTRAVINY	VEGETABLES		Pumpkin		0	0	-100
POTRAVINY	VEGETABLES		Pumpkin		100	0	0
POTRAVINY	VEGETABLES		Pumpkin		0	100	0
POTRAVINY	VEGETABLES		Radishes	raw	-100	0	0
POTRAVINY	VEGETABLES		Radishes		0	0	100
POTRAVINY	VEGETABLES		Radishes	cooked	0	100	0
POTRAVINY	VEGETABLES		Radishes	cooked	66.66666667	0	0
POTRAVINY	VEGETABLES		Radishes	raw	0	-100	0
POTRAVINY	VEGETABLES		Rutabaga		100	0	0
POTRAVINY	VEGETABLES		Rutabaga		0	100	0
POTRAVINY	VEGETABLES		Rutabaga		0	0	100
POTRAVINY	VEGETABLES		Spaghetti squash 		0	100	0
POTRAVINY	VEGETABLES		Spaghetti squash 		66.66666667	0	0
POTRAVINY	VEGETABLES		Spaghetti squash 		0	0	66.66666667
POTRAVINY	VEGETABLES		Spinach		0	0	100
POTRAVINY	VEGETABLES		Spinach	cooked	66.66666667	0	0
POTRAVINY	VEGETABLES		Spinach	cooked	0	-33.33333333	0
POTRAVINY	VEGETABLES		Spinach	raw	0	-100	0
POTRAVINY	VEGETABLES		Spinach	raw	66.66666667	0	0
POTRAVINY	VEGETABLES		Sprouts		0	0	100
POTRAVINY	VEGETABLES		Sprouts	not spicy	0	100	0
POTRAVINY	VEGETABLES		Sprouts		66.66666667	0	0
POTRAVINY	VEGETABLES		Squash	summer	0	0	-100
POTRAVINY	VEGETABLES		Squash	summer	100	0	0
POTRAVINY	VEGETABLES		Squash	winter	-100	0	0
POTRAVINY	VEGETABLES		Squash	winter	0	0	100
POTRAVINY	VEGETABLES		Squash	winter	0	100	0
POTRAVINY	VEGETABLES		Squash	summer	0	100	0
POTRAVINY	VEGETABLES		Taro root 		0	0	-100
POTRAVINY	VEGETABLES		Taro root 		100	0	0
POTRAVINY	VEGETABLES		Taro root 		0	100	0
POTRAVINY	VEGETABLES		Tomatoes		0	-100	0
POTRAVINY	VEGETABLES		Tomatoes	cooked	0	0	100
POTRAVINY	VEGETABLES		Tomatoes	cooked	-33.33333333	0	0
POTRAVINY	VEGETABLES		Tomatoes	raw	0	0	-100
POTRAVINY	VEGETABLES		Tomatoes	raw	-100	0	0
POTRAVINY	VEGETABLES		Turnip greens 		0	-100	0
POTRAVINY	VEGETABLES		Turnip greens 		0	0	100
POTRAVINY	VEGETABLES		Turnip greens 		0	-66.66666667	0
POTRAVINY	VEGETABLES		Turnip greens 		66.66666667	0	0
POTRAVINY	VEGETABLES		Turnips 		0	-100	0
POTRAVINY	VEGETABLES		Turnips 		-100	0	0
POTRAVINY	VEGETABLES		Turnips 		0	0	100
POTRAVINY	VEGETABLES		Watercress 		0	-100	0
POTRAVINY	VEGETABLES		Watercress 		100	0	0
POTRAVINY	VEGETABLES		Watercress 		0	0	100
POTRAVINY	VEGETABLES		Watercress 		0	66.66666667	0
POTRAVINY	VEGETABLES		Wheat grass 		0	0	100
POTRAVINY	VEGETABLES		Wheat grass sprouts 		-100	0	0
POTRAVINY	VEGETABLES		Wheat grass sprouts 		0	100	0
POTRAVINY	VEGETABLES		Zucchini		0	100	0
POTRAVINY	VEGETABLES		Zucchini 		0	-100	0
POTRAVINY	VEGETABLES		Zucchini 		0	0	-100
POTRAVINY	VEGETABLES		Zucchini 		100	0	0
COLORS	COLORS		Yellow		100		0
COLORS	COLORS		Red		100		0
COLORS	COLORS		Blue		0	100	0
COLORS	COLORS		Violet		0	100	0
COLORS	COLORS		Copper		0	0	100
POTRAVINY	TASTES		sladké		100	100	-100
POTRAVINY	TASTES		kyslé		100	-100	-100
POTRAVINY	TASTES		salty		100	-100	-100
POTRAVINY	TASTES		pungent		-100	-100	100
POTRAVINY	TASTES		bitter		-100	100	100
POTRAVINY	TASTES		astringent		-100	100	100
