POTRAVINY	NÁPOJE	Mandľové mlieko	100.0	100.0	-100.0
POTRAVINY	NÁPOJE	Aloe vera šťava	100.0	100.0	100.0
POTRAVINY	NÁPOJE	Jablkový ocot	100.0	-100.0	100.0
POTRAVINY	NÁPOJE	Jablková šťava	-100.0	100.0	66.66666667
POTRAVINY	NÁPOJE	Marhuľová šťava	100.0	100.0	100.0
POTRAVINY	NÁPOJE	Bobulové šťavy	100.0	0.0	100.0
POTRAVINY	NÁPOJE	Bobulové šťavy (brusnica)	-100.0	0.0	0.0
POTRAVINY	NÁPOJE	Bobulové šťavy (kyslé)	0.0	-100.0	0.0
POTRAVINY	NÁPOJE	Bobulové šťavy (sladké)	0.0	100.0	0.0
POTRAVINY	NÁPOJE	Čierny čaj	-100.0	66.66666667	0.0
POTRAVINY	NÁPOJE	Čierny čaj (korenený)	0.0	0.0	100.0
POTRAVINY	NÁPOJE	Kofeínové nápoje	-100.0	-100.0	-33.33333333
POTRAVINY	NÁPOJE	Sýtené nápoje	-100.0	-100.0	-100.0
POTRAVINY	NÁPOJE	Karob	66.66666667	100.0	100.0
POTRAVINY	NÁPOJE	Mrkvová šťava	100.0	-100.0	100.0
POTRAVINY	NÁPOJE	Chai (teplé, korenené mlieko)	100.0	66.66666667	66.66666667
POTRAVINY	NÁPOJE	Čerešňová šťava	100.0	0.0	0.0
POTRAVINY	NÁPOJE	Čerešňová šťava (kyslé)	0.0	-100.0	-100.0
POTRAVINY	NÁPOJE	Čerešňová šťava (sladké)	0.0	100.0	100.0
POTRAVINY	NÁPOJE	Čokoládové mlieko	-100.0	-100.0	-100.0
POTRAVINY	NÁPOJE	Káva	-100.0	-100.0	-100.0
POTRAVINY	NÁPOJE	Chladné mliečne nápoje	-100.0	100.0	-100.0
POTRAVINY	NÁPOJE	Brusnicová šťava	-100.0	-100.0	100.0
POTRAVINY	NÁPOJE	Obilninová "káva"	100.0	100.0	100.0
POTRAVINY	NÁPOJE	Hroznová šťava	100.0	100.0	100.0
POTRAVINY	NÁPOJE	Grapefruitová šťava	100.0	-100.0	-100.0
POTRAVINY	NÁPOJE	Ľadový čaj	-100.0	-100.0	-100.0
POTRAVINY	NÁPOJE	Ľadové nápoje	-100.0	-100.0	-100.0
POTRAVINY	NÁPOJE	Limonáda	100.0	-100.0	-100.0
POTRAVINY	NÁPOJE	Mangová šťava	100.0	100.0	100.0
POTRAVINY	NÁPOJE	Miso broth	100.0	66.66666667	-100.0
POTRAVINY	NÁPOJE	Miešaná zel. šťava	0.0	100.0	0.0
POTRAVINY	NÁPOJE	Pomarančová šťava	100.0	66.66666667	-100.0
POTRAVINY	NÁPOJE	Papaya šťava	100.0	-100.0	-100.0
POTRAVINY	NÁPOJE	Broskyňová šťava	100.0	100.0	100.0
POTRAVINY	NÁPOJE	Hrušková šťava	-100.0	100.0	100.0
POTRAVINY	NÁPOJE	Ananásová šťava	100.0	-100.0	66.66666667
POTRAVINY	NÁPOJE	Granátové jablko šťava	-100.0	100.0	100.0
POTRAVINY	NÁPOJE	Slivková šťava	-33.33333333	100.0	100.0
POTRAVINY	NÁPOJE	Ryžové mlieko	100.0	100.0	-100.0
POTRAVINY	NÁPOJE	Kyslé šťavy	100.0	100.0	-100.0
POTRAVINY	NÁPOJE	Sójové mlieko	0.0	100.0	0.0
POTRAVINY	NÁPOJE	Sójové mlieko (chladné)	-100.0	0.0	-100.0
POTRAVINY	NÁPOJE	Sójové mlieko (horúce & dobre korenené)	66.66666667	0.0	100.0
POTRAVINY	NÁPOJE	Paradajková šťava	-33.33333333	-100.0	-100.0
POTRAVINY	NÁPOJE	V-8 šťava	-100.0	-100.0	-100.0
POTRAVINY	NÁPOJE	Zeleninový vývar	100.0	100.0	0.0
POTRAVINY	ORECHY 	Mandle (namáčané & ošúpané)	0.0	100.0	-33.33333333
POTRAVINY	ORECHY 	Mandle (neošúpané)	0.0	-100.0	0.0
POTRAVINY	ORECHY 	Mandle	100.0	0.0	0.0
POTRAVINY	OCHUCOVADLÁ 	Čierne korenie	66.66666667	66.66666667	100.0
POTRAVINY	ORECHY 	Čierne orechy	100.0	-100.0	-100.0
POTRAVINY	ORECHY 	Brazílske orechy	100.0	-100.0	-100.0
POTRAVINY	ORECHY 	Kešu	100.0	-100.0	-100.0
POTRAVINY	ORECHY 	Charole orechy	100.0	100.0	100.0
POTRAVINY	OCHUCOVADLÁ 	Chili korenie	66.66666667	-100.0	100.0
POTRAVINY	OCHUCOVADLÁ 	Čokoláda	-100.0	-100.0	-100.0
POTRAVINY	OCHUCOVADLÁ 	Čatný, mango (spicy)	100.0	-100.0	100.0
POTRAVINY	OCHUCOVADLÁ 	Čatný, mango (sladké)	100.0	100.0	-100.0
POTRAVINY	ORECHY 	Kokos	100.0	100.0	-100.0
POTRAVINY	OCHUCOVADLÁ 	Koriandrové listy	66.66666667	100.0	100.0
POTRAVINY	OCHUCOVADLÁ 	Riasy	100.0	66.66666667	66.66666667
POTRAVINY	ORECHY 	Lieskové orechy	100.0	-100.0	-100.0
POTRAVINY	OCHUCOVADLÁ 	Sezamová soľ	100.0	-100.0	-100.0
POTRAVINY	OCHUCOVADLÁ 	Hijiki	100.0	66.66666667	66.66666667
POTRAVINY	OCHUCOVADLÁ 	Chren	-100.0	-100.0	100.0
POTRAVINY	OCHUCOVADLÁ 	Kelp	100.0	-100.0	-100.0
POTRAVINY	OCHUCOVADLÁ 	Kečup	100.0	-100.0	-33.33333333
POTRAVINY	OCHUCOVADLÁ 	Kombu	100.0	66.66666667	0.0
POTRAVINY	OCHUCOVADLÁ 	Citrón	100.0	-100.0	66.66666667
POTRAVINY	OCHUCOVADLÁ 	Limetka	100.0	66.66666667	-100.0
POTRAVINY	OCHUCOVADLÁ 	Limetkové pickle	100.0	-100.0	-100.0
POTRAVINY	ORECHY 	Macadamské orechy	100.0	-100.0	-100.0
POTRAVINY	OCHUCOVADLÁ 	Mangové pickle	100.0	-100.0	-100.0
POTRAVINY	OCHUCOVADLÁ 	Majonéza	100.0	-100.0	-100.0
POTRAVINY	OCHUCOVADLÁ 	Horčica	100.0	-100.0	0.0
POTRAVINY	OCHUCOVADLÁ 	Horčica (bez octu)	0.0	0.0	100.0
POTRAVINY	ORECHY 	Arašidy	100.0	-100.0	-100.0
POTRAVINY	ORECHY 	Pekanové oriešky	100.0	-100.0	-100.0
POTRAVINY	OCHUCOVADLÁ 	Pickles	100.0	-100.0	-100.0
POTRAVINY	ORECHY 	Píniové oriešky	100.0	-100.0	-100.0
POTRAVINY	ORECHY 	Pistácie	100.0	-100.0	-100.0
POTRAVINY	OCHUCOVADLÁ 	Soľ	100.0	66.66666667	-100.0
POTRAVINY	OCHUCOVADLÁ 	Soľ (presolenie)	0.0	-100.0	0.0
POTRAVINY	OCHUCOVADLÁ 	Pažitka	100.0	-100.0	100.0
POTRAVINY	OCHUCOVADLÁ 	Morské riasy	100.0	66.66666667	66.66666667
POTRAVINY	OCHUCOVADLÁ 	Sójová omáčka	100.0	-100.0	-100.0
POTRAVINY	OCHUCOVADLÁ 	Klíčky	66.66666667	66.66666667	100.0
POTRAVINY	OCHUCOVADLÁ 	Tamari	100.0	66.66666667	-100.0
POTRAVINY	OCHUCOVADLÁ 	Ocot	100.0	-100.0	-100.0
POTRAVINY	ORECHY 	Vlašské orechy	100.0	-100.0	-100.0
POTRAVINY	MLIEČNE	Maslo	200.0	0.0	0.0
POTRAVINY	MLIEČNE	Maslo (solené)	0.0	-100.0	-100.0
POTRAVINY	MLIEČNE	Maslo (nesolené)	0.0	100.0	-33.33333333
POTRAVINY	MLIEČNE	Podmáslie	100.0	-100.0	66.66666667
POTRAVINY	MLIEČNE	Syr (tvrdý)	66.66666667	-100.0	-100.0
POTRAVINY	MLIEČNE	Syr (mäkký)	100.0	0.0	-100.0
POTRAVINY	MLIEČNE	Syr (mäkký, nezrejúci, nesolený)	0.0	100.0	0.0
POTRAVINY	MLIEČNE	Cottage syr	100.0	100.0	0.0
POTRAVINY	MLIEČNE	Cottage syr (from skimmed goat's mlieko)	0.0	0.0	100.0
POTRAVINY	MLIEČNE	Kravské mlieko	100.0	100.0	-100.0
POTRAVINY	MLIEČNE	Kravské mlieko (powdered)	-100.0	0.0	0.0
POTRAVINY	MLIEČNE	Ghí	100.0	100.0	66.66666667
POTRAVINY	MLIEČNE	Kozí syr	100.0	0.0	0.0
POTRAVINY	MLIEČNE	Kozí syr (soft, nesolené)	0.0	100.0	0.0
POTRAVINY	MLIEČNE	Kozí syr (nesolené, not aged)	0.0	0.0	66.66666667
POTRAVINY	MLIEČNE	Kozie mlieko	100.0	100.0	0.0
POTRAVINY	MLIEČNE	Kozie mlieko (práškové)	-100.0	0.0	0.0
POTRAVINY	MLIEČNE	Kozie mlieko (odtučnené)	0.0	0.0	100.0
POTRAVINY	MLIEČNE	Zmrzlina	66.66666667	100.0	-100.0
POTRAVINY	MLIEČNE	Väčšina mliečnych produktov	100.0	0.0	0.0
POTRAVINY	MLIEČNE	Kyslá smotana	66.66666667	-100.0	-100.0
POTRAVINY	MLIEČNE	Jogurt (riedený & korenený)	66.66666667	0.0	0.0
POTRAVINY	MLIEČNE	Jogurt (riedený)	0.0	0.0	100.0
POTRAVINY	MLIEČNE	Jogurt (čerstvé & riedený)	0.0	66.66666667	0.0
POTRAVINY	MLIEČNE	Jogurt (neochutený)	-100.0	-100.0	-100.0
POTRAVINY	MLIEČNE	Jogurt (mrazený)	-100.0	-100.0	-100.0
POTRAVINY	MLIEČNE	Jogurt (s ovocím)	-100.0	-100.0	-100.0
POTRAVINY	VÝŽIVOVÉ DOPLNKY 	Aloe vera šťava	66.66666667	100.0	100.0
POTRAVINY	VÝŽIVOVÉ DOPLNKY 	Amino acids	100.0	-100.0	100.0
POTRAVINY	VÝŽIVOVÉ DOPLNKY 	Jačmeň zelené	-100.0	100.0	100.0
POTRAVINY	VÝŽIVOVÉ DOPLNKY 	Bee pollen	100.0	-33.33333333	100.0
POTRAVINY	VÝŽIVOVÉ DOPLNKY 	Blue-zelené algae	100.0	100.0	100.0
POTRAVINY	VÝŽIVOVÉ DOPLNKY 	Brewer's yeast	-100.0	100.0	100.0
POTRAVINY	VÝŽIVOVÉ DOPLNKY 	Mineral: calcium	0.0	100.0	100.0
POTRAVINY	VÝŽIVOVÉ DOPLNKY 	Mineral: Calcium	100.0	0.0	0.0
POTRAVINY	VÝŽIVOVÉ DOPLNKY 	Mineral: copper	100.0	-100.0	100.0
POTRAVINY	VÝŽIVOVÉ DOPLNKY 	Mineral: iron	100.0	-100.0	100.0
POTRAVINY	VÝŽIVOVÉ DOPLNKY 	Mineral: magnesium	100.0	100.0	100.0
POTRAVINY	VÝŽIVOVÉ DOPLNKY 	Mineral: potassium	0.0	0.0	-100.0
POTRAVINY	VÝŽIVOVÉ DOPLNKY 	Mineral: zinc	100.0	100.0	100.0
POTRAVINY	VÝŽIVOVÉ DOPLNKY 	Royal jelly	100.0	-33.33333333	100.0
POTRAVINY	VÝŽIVOVÉ DOPLNKY 	Spirulina	100.0	100.0	100.0
POTRAVINY	VÝŽIVOVÉ DOPLNKY 	Vitamin: A	100.0	100.0	-100.0
POTRAVINY	VÝŽIVOVÉ DOPLNKY 	Vitamin: B1	100.0	100.0	-100.0
POTRAVINY	VÝŽIVOVÉ DOPLNKY 	Vitamin: B12	100.0	100.0	-100.0
POTRAVINY	VÝŽIVOVÉ DOPLNKY 	Vitamin: B2	100.0	-100.0	-100.0
POTRAVINY	VÝŽIVOVÉ DOPLNKY 	Vitamin: B6	100.0	-100.0	100.0
POTRAVINY	VÝŽIVOVÉ DOPLNKY 	Vitamin: C	100.0	-100.0	0.0
POTRAVINY	VÝŽIVOVÉ DOPLNKY 	Vitamin: D	100.0	100.0	-100.0
POTRAVINY	VÝŽIVOVÉ DOPLNKY 	Vitamin: E	100.0	-100.0	-100.0
POTRAVINY	VÝŽIVOVÉ DOPLNKY 	Vitamin: Folic Acid	100.0	-100.0	100.0
POTRAVINY	VÝŽIVOVÉ DOPLNKY 	Vitamin: K	-100.0	100.0	0.0
POTRAVINY	VÝŽIVOVÉ DOPLNKY 	Vitamin: P	100.0	-100.0	100.0
POTRAVINY	OVOCIE	Jablká	0.0	0.0	100.0
POTRAVINY	OVOCIE	Jablká (varené)	100.0	0.0	0.0
POTRAVINY	OVOCIE	Jablká (surové)	-100.0	0.0	0.0
POTRAVINY	OVOCIE	Jablká (kyslé)	0.0	-100.0	0.0
POTRAVINY	OVOCIE	Jablká (sladké)	0.0	100.0	0.0
POTRAVINY	OVOCIE	Jablková kaša	100.0	100.0	100.0
POTRAVINY	OVOCIE	Marhule	100.0	0.0	100.0
POTRAVINY	OVOCIE	Marhule (kyslé)	0.0	-100.0	0.0
POTRAVINY	OVOCIE	Marhule (sladké)	0.0	100.0	0.0
POTRAVINY	OVOCIE	Avokádo	100.0	100.0	-100.0
POTRAVINY	OVOCIE	Banány	100.0	-100.0	-100.0
POTRAVINY	OVOCIE	Bobulové ovocie	100.0	0.0	100.0
POTRAVINY	OVOCIE	Bobulové ovocie (kyslé)	0.0	-100.0	0.0
POTRAVINY	OVOCIE	Bobulové ovocie (sladké)	0.0	100.0	0.0
POTRAVINY	OVOCIE	Čerešne	100.0	0.0	100.0
POTRAVINY	OVOCIE	Čerešne (kyslé)	0.0	-100.0	0.0
POTRAVINY	OVOCIE	Čerešne (sladké)	0.0	100.0	0.0
POTRAVINY	OVOCIE	Kokos	100.0	100.0	-100.0
POTRAVINY	OVOCIE	Brusnice	-100.0	-100.0	100.0
POTRAVINY	OVOCIE	Datle	0.0	100.0	-100.0
POTRAVINY	OVOCIE	Datle (sušené)	-100.0	0.0	0.0
POTRAVINY	OVOCIE	Datle (čerstvé)	100.0	0.0	0.0
POTRAVINY	OVOCIE	Figy	0.0	100.0	0.0
POTRAVINY	OVOCIE	Figy (sušené)	-100.0	0.0	66.66666667
POTRAVINY	OVOCIE	Figy (čerstvé)	100.0	0.0	-100.0
POTRAVINY	OVOCIE	Väčšina trpkého ovocia	0.0	0.0	100.0
POTRAVINY	OVOCIE	Väčšina sušeného ovocia	-100.0	0.0	0.0
POTRAVINY	OVOCIE	Väčšina kyslého ovocia	0.0	-100.0	-100.0
POTRAVINY	OVOCIE	Väčšina sladkého ovocia	100.0	100.0	-100.0
POTRAVINY	OVOCIE	Grapefruit	100.0	-100.0	-100.0
POTRAVINY	OVOCIE	Hrozno	100.0	0.0	66.66666667
POTRAVINY	OVOCIE	Hrozno (zelené)	0.0	-100.0	0.0
POTRAVINY	OVOCIE	Hrozno (červené)	0.0	100.0	0.0
POTRAVINY	OVOCIE	Hrozno (ružové)	0.0	100.0	0.0
POTRAVINY	OVOCIE	Kiwi	100.0	-100.0	-100.0
POTRAVINY	OVOCIE	Citróny	100.0	-100.0	66.66666667
POTRAVINY	OVOCIE	Limetky	100.0	66.66666667	66.66666667
POTRAVINY	OVOCIE	Mango	100.0	0.0	-33.33333333
POTRAVINY	OVOCIE	Mango (zelené)	0.0	-100.0	0.0
POTRAVINY	OVOCIE	Mango (ripe)	0.0	100.0	0.0
POTRAVINY	OVOCIE	Melón	100.0	100.0	-100.0
POTRAVINY	OVOCIE	Pomaranče	100.0	0.0	-100.0
POTRAVINY	OVOCIE	Pomaranče (kyslé)	0.0	-100.0	0.0
POTRAVINY	OVOCIE	Pomaranče (sladké)	0.0	66.66666667	0.0
POTRAVINY	OVOCIE	Papaya	100.0	66.66666667	-100.0
POTRAVINY	OVOCIE	Broskyne	100.0	-100.0	66.66666667
POTRAVINY	OVOCIE	Hrušky	-100.0	100.0	100.0
POTRAVINY	OVOCIE	Hurmi-kaki	-100.0	-100.0	100.0
POTRAVINY	OVOCIE	Ananás	100.0	0.0	-100.0
POTRAVINY	OVOCIE	Ananás (kyslé)	0.0	-100.0	0.0
POTRAVINY	OVOCIE	Ananás (sladké)	0.0	66.66666667	0.0
POTRAVINY	OVOCIE	Slivky	100.0	0.0	-100.0
POTRAVINY	OVOCIE	Slivky (kyslé)	0.0	-100.0	0.0
POTRAVINY	OVOCIE	Slivky (sladké)	0.0	100.0	0.0
POTRAVINY	OVOCIE	Granátové jablko	-100.0	100.0	100.0
POTRAVINY	OVOCIE	Ringloty	0.0	100.0	100.0
POTRAVINY	OVOCIE	Ringloty (sušené)	-100.0	0.0	0.0
POTRAVINY	OVOCIE	Ringloty (namáčané)	100.0	0.0	0.0
POTRAVINY	OVOCIE	Hrozno (červené and ružové)	0.0	100.0	0.0
POTRAVINY	OVOCIE	Hrozienka	0.0	100.0	100.0
POTRAVINY	OVOCIE	Hrozienka (sušené)	-100.0	0.0	0.0
POTRAVINY	OVOCIE	Hrozienka (namáčané)	100.0	0.0	0.0
POTRAVINY	OVOCIE	Rebarbora	100.0	-100.0	-100.0
POTRAVINY	OVOCIE	Jahody	100.0	66.66666667	66.66666667
POTRAVINY	OVOCIE	Tamarind	100.0	-100.0	-100.0
POTRAVINY	OVOCIE	Vodový melón	-100.0	100.0	-100.0
POTRAVINY	OBILOVINY	Amaranth	66.66666667	100.0	66.66666667
POTRAVINY	OBILOVINY	Jačmeň	-100.0	100.0	100.0
POTRAVINY	OBILOVINY	Chlieb (s droždím)	-100.0	-100.0	-100.0
POTRAVINY	OBILOVINY	Pohánka	-100.0	-100.0	100.0
POTRAVINY	OBILOVINY	Cerealie (chladné)	-100.0	0.0	100.0
POTRAVINY	OBILOVINY	Cerealie (sušené)	-100.0	100.0	100.0
POTRAVINY	OBILOVINY	Cerealie (puffed)	-100.0	0.0	100.0
POTRAVINY	OBILOVINY	Kukurica	-100.0	-100.0	100.0
POTRAVINY	OBILOVINY	Kus-kus	-100.0	100.0	100.0
POTRAVINY	OBILOVINY	Sušienky	-100.0	100.0	100.0
POTRAVINY	OBILOVINY	Múka z tvrdej pšenice (durum)	100.0	100.0	66.66666667
POTRAVINY	OBILOVINY	Granola	-100.0	100.0	100.0
POTRAVINY	OBILOVINY	Proso	-100.0	-100.0	100.0
POTRAVINY	OBILOVINY	Muesli	-100.0	-33.33333333	100.0
POTRAVINY	OBILOVINY	Ovsené otruby	-100.0	100.0	100.0
POTRAVINY	OBILOVINY	Ovos (varené)	100.0	100.0	-100.0
POTRAVINY	OBILOVINY	Ovos (sušené)	-100.0	-100.0	100.0
POTRAVINY	OBILOVINY	Palacinky	100.0	100.0	-100.0
POTRAVINY	OBILOVINY	Špagety a iné cestoviny	-33.33333333	100.0	-33.33333333
POTRAVINY	OBILOVINY	Polenta	-33.33333333	-33.33333333	100.0
POTRAVINY	OBILOVINY	Quinoa	100.0	100.0	66.66666667
POTRAVINY	OBILOVINY	Ryža (všetky druhy)	100.0	0.0	0.0
POTRAVINY	OBILOVINY	Ryža (basmati)	0.0	100.0	66.66666667
POTRAVINY	OBILOVINY	Ryža (biela)	0.0	100.0	-100.0
POTRAVINY	OBILOVINY	Ryža (divá)	0.0	100.0	66.66666667
POTRAVINY	OBILOVINY	Ryža (hnedá)	0.0	-33.33333333	-100.0
POTRAVINY	OBILOVINY	Ryžové chlebíky	-33.33333333	100.0	-33.33333333
POTRAVINY	OBILOVINY	Raž	-100.0	-100.0	100.0
POTRAVINY	OBILOVINY	Sago	-100.0	0.0	0.0
POTRAVINY	OBILOVINY	Seitan (wheat meat)	100.0	100.0	100.0
POTRAVINY	OBILOVINY	Špalda	-100.0	100.0	66.66666667
POTRAVINY	OBILOVINY	Chlieb z klíčkovej múky (Essene)	100.0	100.0	100.0
POTRAVINY	OBILOVINY	Tapioca	-100.0	100.0	100.0
POTRAVINY	OBILOVINY	Pšenica	100.0	100.0	-100.0
POTRAVINY	OBILOVINY	Pšeničné vločky	-100.0	100.0	100.0
POTRAVINY	BYLINKOVÉ ČAJE 	Ajwan	100.0	-100.0	0.0
POTRAVINY	BYLINKOVÉ ČAJE 	Alfalfa	-33.33333333	100.0	100.0
POTRAVINY	BYLINKOVÉ ČAJE 	Bancha	100.0	100.0	100.0
POTRAVINY	BYLINKOVÉ ČAJE 	Jačmeň	-33.33333333	100.0	100.0
POTRAVINY	BYLINKOVÉ ČAJE 	Bazalka	-33.33333333	-33.33333333	0.0
POTRAVINY	BYLINKOVÉ ČAJE 	Čučoriedka	-100.0	100.0	100.0
POTRAVINY	BYLINKOVÉ ČAJE 	Borák lekársky	-33.33333333	100.0	0.0
POTRAVINY	BYLINKOVÉ ČAJE 	Lopúch	-100.0	100.0	100.0
POTRAVINY	BYLINKOVÉ ČAJE 	Nepeta cataria (Šanta mačacia)	66.66666667	100.0	0.0
POTRAVINY	BYLINKOVÉ ČAJE 	Kamilka	100.0	100.0	100.0
POTRAVINY	BYLINKOVÉ ČAJE 	Čakanka	66.66666667	100.0	100.0
POTRAVINY	BYLINKOVÉ ČAJE 	Chrysantema	66.66666667	0.0	0.0
POTRAVINY	BYLINKOVÉ ČAJE 	Škorica	-33.33333333	0.0	100.0
POTRAVINY	BYLINKOVÉ ČAJE 	Klinček	100.0	-100.0	100.0
POTRAVINY	BYLINKOVÉ ČAJE 	Kostihoj	100.0	100.0	66.66666667
POTRAVINY	BYLINKOVÉ ČAJE 	Kukuričný hodváb	-100.0	0.0	0.0
POTRAVINY	BYLINKOVÉ ČAJE 	Púpava	-100.0	100.0	100.0
POTRAVINY	BYLINKOVÉ ČAJE 	Baza čierna	100.0	0.0	0.0
POTRAVINY	BYLINKOVÉ ČAJE 	Eucalyptus	100.0	-100.0	0.0
POTRAVINY	BYLINKOVÉ ČAJE 	Fenikel	100.0	100.0	66.66666667
POTRAVINY	BYLINKOVÉ ČAJE 	Grécke seno	100.0	-100.0	100.0
POTRAVINY	BYLINKOVÉ ČAJE 	Zázvor	0.0	0.0	100.0
POTRAVINY	BYLINKOVÉ ČAJE 	Zázvor (sušené)	0.0	-100.0	0.0
POTRAVINY	BYLINKOVÉ ČAJE 	Zázvor (čerstvé)	100.0	100.0	0.0
POTRAVINY	BYLINKOVÉ ČAJE 	Žeňšeň	-100.0	-100.0	66.66666667
POTRAVINY	BYLINKOVÉ ČAJE 	Hloh obyčajný	100.0	-100.0	0.0
POTRAVINY	BYLINKOVÉ ČAJE 	Ibištek	-100.0	100.0	100.0
POTRAVINY	BYLINKOVÉ ČAJE 	Chmeľ	-33.33333333	100.0	0.0
POTRAVINY	BYLINKOVÉ ČAJE 	Jasmín	-33.33333333	100.0	100.0
POTRAVINY	BYLINKOVÉ ČAJE 	Borievka	100.0	-100.0	100.0
POTRAVINY	BYLINKOVÉ ČAJE 	Kukicha	66.66666667	100.0	100.0
POTRAVINY	BYLINKOVÉ ČAJE 	Levanduľa	100.0	100.0	100.0
POTRAVINY	BYLINKOVÉ ČAJE 	Citrónový balzam	-33.33333333	100.0	100.0
POTRAVINY	BYLINKOVÉ ČAJE 	Citrónová tráva	100.0	100.0	100.0
POTRAVINY	BYLINKOVÉ ČAJE 	Sladké drievko	100.0	100.0	-33.33333333
POTRAVINY	BYLINKOVÉ ČAJE 	Ibiš lekársky	100.0	100.0	-100.0
POTRAVINY	BYLINKOVÉ ČAJE 	Chvojníkový čaj	-100.0	-100.0	100.0
POTRAVINY	BYLINKOVÉ ČAJE 	Žihľava	-33.33333333	100.0	100.0
POTRAVINY	BYLINKOVÉ ČAJE 	Ovsená tráva	100.0	100.0	0.0
POTRAVINY	BYLINKOVÉ ČAJE 	Pomarančová kôra	100.0	0.0	0.0
POTRAVINY	BYLINKOVÉ ČAJE 	Mučenka opletavá	-33.33333333	100.0	100.0
POTRAVINY	BYLINKOVÉ ČAJE 	Mäta kobercová	100.0	-100.0	0.0
POTRAVINY	BYLINKOVÉ ČAJE 	Mäta pieporná	100.0	100.0	100.0
POTRAVINY	BYLINKOVÉ ČAJE 	Malinový čaj	66.66666667	100.0	100.0
POTRAVINY	BYLINKOVÉ ČAJE 	Červený klinček	-33.33333333	100.0	100.0
POTRAVINY	BYLINKOVÉ ČAJE 	Šípka	100.0	-33.33333333	-33.33333333
POTRAVINY	BYLINKOVÉ ČAJE 	Šafrán	100.0	0.0	0.0
POTRAVINY	BYLINKOVÉ ČAJE 	Šalvia	100.0	-100.0	0.0
POTRAVINY	BYLINKOVÉ ČAJE 	Sarsaparilla	100.0	100.0	66.66666667
POTRAVINY	BYLINKOVÉ ČAJE 	Sassafras	100.0	-100.0	100.0
POTRAVINY	BYLINKOVÉ ČAJE 	Jahoda	66.66666667	100.0	100.0
POTRAVINY	BYLINKOVÉ ČAJE 	Viola	-33.33333333	100.0	0.0
POTRAVINY	BYLINKOVÉ ČAJE 	Gaultéria ležatá	66.66666667	100.0	100.0
POTRAVINY	BYLINKOVÉ ČAJE 	Rebríček obyčajný	-100.0	100.0	100.0
POTRAVINY	BYLINKOVÉ ČAJE 	Cezmína paraguajská	-33.33333333	-100.0	100.0
POTRAVINY	STRUKOVINY	Aduki fazuľa	-100.0	100.0	100.0
POTRAVINY	STRUKOVINY	Čierna fazuľa	-100.0	100.0	100.0
POTRAVINY	STRUKOVINY	Čierne-eyed peas	-100.0	100.0	100.0
POTRAVINY	STRUKOVINY	Cícer	-100.0	100.0	100.0
POTRAVINY	STRUKOVINY	Fazuľa	-100.0	100.0	-100.0
POTRAVINY	STRUKOVINY	Šošovica (hnedá)	-100.0	100.0	100.0
POTRAVINY	STRUKOVINY	Šošovica (červená)	66.66666667	100.0	100.0
POTRAVINY	STRUKOVINY	Miso	-33.33333333	-100.0	-100.0
POTRAVINY	STRUKOVINY	Mungo fazuľa	100.0	100.0	66.66666667
POTRAVINY	STRUKOVINY	Hrášok (sušený)	-100.0	100.0	100.0
POTRAVINY	STRUKOVINY	Sója fazuľa	-100.0	100.0	-100.0
POTRAVINY	STRUKOVINY	Sója syr	66.66666667	100.0	-100.0
POTRAVINY	STRUKOVINY	Sója flour	-100.0	66.66666667	-100.0
POTRAVINY	STRUKOVINY	Sója mlieko	66.66666667	100.0	100.0
POTRAVINY	STRUKOVINY	Sója powder	-100.0	66.66666667	-100.0
POTRAVINY	STRUKOVINY	Sója sauce	66.66666667	-100.0	-100.0
POTRAVINY	STRUKOVINY	Sója sausages	66.66666667	-100.0	100.0
POTRAVINY	STRUKOVINY	Tempeh	-100.0	100.0	100.0
POTRAVINY	STRUKOVINY	Tofu	66.66666667	100.0	0.0
POTRAVINY	STRUKOVINY	Tofu (chladné)	0.0	0.0	-100.0
POTRAVINY	STRUKOVINY	Tofu (horúce)	0.0	0.0	66.66666667
POTRAVINY	STRUKOVINY	Kajan indický, Tur dal	100.0	-100.0	100.0
POTRAVINY	STRUKOVINY	Urad dal	100.0	-100.0	-100.0
POTRAVINY	STRUKOVINY	Biela fazuľa	-100.0	100.0	100.0
POTRAVINY	OLEJE	Mandľa	0.0	-100.0	0.0
POTRAVINY	OLEJE	Mandľa (externe a interne)	0.0	0.0	95.0
POTRAVINY	OLEJE	Marhuľa	0.0	-100.0	-100.0
POTRAVINY	OLEJE	Avokádo (externé použitie)	100.0	100.0	0.0
POTRAVINY	OLEJE	Avokádo	0.0	0.0	-100.0
POTRAVINY	OLEJE	Canola (externe a interne)	0.0	98.0	99.0
POTRAVINY	SEMIENKA	Chia	100.0	-100.0	100.0
POTRAVINY	OLEJE	Kokos (externé použitie)	100.0	100.0	0.0
POTRAVINY	OLEJE	Kokos	0.0	0.0	-100.0
POTRAVINY	OLEJE	Kukurica	0.0	-100.0	0.0
POTRAVINY	OLEJE	Kukurica (externe aj interne)	0.0	0.0	100.0
POTRAVINY	SEMIENKA	Ľan	100.0	100.0	66.66666667
POTRAVINY	OLEJE	Ľanové semeno	-100.0	0.0	-33.33333333
POTRAVINY	OLEJE	Ľanové semeno (externe a interne)	0.0	95.0	0.0
POTRAVINY	OLEJE	Ghí (externe aj interne)	99.0	99.0	96.0
POTRAVINY	SEMIENKA	Sezamová Halva	100.0	100.0	-100.0
POTRAVINY	OLEJE	Väčšina ostatných oils (externe aj interne)	97.0	0.0	0.0
POTRAVINY	OLEJE	Olivový olej (externe aj interne)	98.0	97.0	0.0
POTRAVINY	OLEJE	Olivy	0.0	0.0	-100.0
POTRAVINY	SEMIENKA	Popcorn	-100.0	0.0	0.0
POTRAVINY	SEMIENKA	Popcorn (nesolené, s maslom)	0.0	100.0	0.0
POTRAVINY	SEMIENKA	Popcorn (nesolené, bez masla)	0.0	0.0	100.0
POTRAVINY	OLEJE	Nezábudka (externe aj interne)	0.0	94.0	0.0
POTRAVINY	OLEJE	Nezábudka	0.0	0.0	-100.0
POTRAVINY	SEMIENKA	Psyllium	-33.33333333	100.0	-33.33333333
POTRAVINY	SEMIENKA	Tekvica	100.0	66.66666667	66.66666667
POTRAVINY	OLEJE	Požlt farbiarsky	0.0	-100.0	-100.0
POTRAVINY	OLEJE	Sézam (externe aj interne)	100.0	0.0	0.0
POTRAVINY	SEMIENKA	Sézam	100.0	-100.0	-100.0
POTRAVINY	OLEJE	Sézam	0.0	-100.0	0.0
POTRAVINY	OLEJE	Sézam (externe)	0.0	0.0	98.0
POTRAVINY	OLEJE	Sézam (interne)	0.0	0.0	-100.0
POTRAVINY	OLEJE	Sója (externe aj interne)	0.0	96.0	0.0
POTRAVINY	OLEJE	Sója	0.0	0.0	-100.0
POTRAVINY	SEMIENKA	Slnečnica	100.0	100.0	66.66666667
POTRAVINY	OLEJE	Slnečnica (externe aj interne)	0.0	100.0	97.0
POTRAVINY	SEMIENKA	Tahini	100.0	-100.0	-100.0
POTRAVINY	OLEJE	Vlašské orechy (externe aj interne)	0.0	93.0	-100.0
POTRAVINY	KORENIA	Ajwan	100.0	-100.0	100.0
POTRAVINY	KORENIA	Všetky korenia sú dobré	100.0	0.0	100.0
POTRAVINY	KORENIA	Nové korenie	100.0	-100.0	100.0
POTRAVINY	KORENIA	Mandľa extract	100.0	-100.0	100.0
POTRAVINY	KORENIA	Aníz	100.0	-100.0	100.0
POTRAVINY	KORENIA	Asafoetida (hing)	100.0	-100.0	100.0
POTRAVINY	KORENIA	Bazalka	100.0	0.0	100.0
POTRAVINY	KORENIA	Bazalka (sušené)	0.0	-100.0	0.0
POTRAVINY	KORENIA	Bazalka (čerstvé)	0.0	100.0	0.0
POTRAVINY	KORENIA	Bay leaf	100.0	-100.0	100.0
POTRAVINY	KORENIA	Čierne korenie	100.0	66.66666667	100.0
POTRAVINY	KORENIA	Indický kmín	100.0	66.66666667	100.0
POTRAVINY	KORENIA	Kardamom	100.0	66.66666667	100.0
POTRAVINY	KORENIA	Kajenská paprika	66.66666667	-100.0	100.0
POTRAVINY	KORENIA	Škorica	100.0	100.0	100.0
POTRAVINY	KORENIA	Klinčeky	100.0	-100.0	100.0
POTRAVINY	KORENIA	Koriander	100.0	100.0	100.0
POTRAVINY	KORENIA	Kmín	100.0	100.0	100.0
POTRAVINY	KORENIA	Kôpor	100.0	100.0	100.0
POTRAVINY	KORENIA	Fenikel	100.0	100.0	66.66666667
POTRAVINY	KORENIA	Grécke seno	66.66666667	-100.0	100.0
POTRAVINY	KORENIA	Cesnak	100.0	-100.0	100.0
POTRAVINY	KORENIA	Zázvor	100.0	0.0	100.0
POTRAVINY	KORENIA	Zázvor (sušené)	0.0	-100.0	0.0
POTRAVINY	KORENIA	Zázvor (čerstvé)	0.0	100.0	0.0
POTRAVINY	KORENIA	Muškátový kvet	0.0	-100.0	0.0
POTRAVINY	KORENIA	Majoránka	100.0	-100.0	100.0
POTRAVINY	KORENIA	Mäta	100.0	100.0	100.0
POTRAVINY	KORENIA	Horčica seeds	100.0	-100.0	100.0
POTRAVINY	KORENIA	Nímové listy	0.0	66.66666667	100.0
POTRAVINY	KORENIA	Muškátový orech	100.0	-100.0	100.0
POTRAVINY	KORENIA	Pomarančová kôra	100.0	66.66666667	100.0
POTRAVINY	KORENIA	Oregano	100.0	-100.0	100.0
POTRAVINY	KORENIA	Paprika	100.0	-100.0	100.0
POTRAVINY	KORENIA	Petržlen	100.0	66.66666667	100.0
POTRAVINY	KORENIA	Pippali	100.0	-100.0	100.0
POTRAVINY	KORENIA	Mak	100.0	-100.0	100.0
POTRAVINY	KORENIA	Rozmarín	100.0	-100.0	100.0
POTRAVINY	KORENIA	Šafrán	100.0	100.0	100.0
POTRAVINY	KORENIA	Šalvia	0.0	-100.0	0.0
POTRAVINY	KORENIA	Soľ	100.0	-100.0	-100.0
POTRAVINY	KORENIA	Pikant	100.0	-100.0	100.0
POTRAVINY	KORENIA	Badyan	100.0	-100.0	100.0
POTRAVINY	KORENIA	Estragón	100.0	66.66666667	100.0
POTRAVINY	KORENIA	Tymián	100.0	-100.0	100.0
POTRAVINY	KORENIA	Kurkuma	100.0	100.0	100.0
POTRAVINY	KORENIA	Vanilka	100.0	66.66666667	66.66666667
POTRAVINY	KORENIA	Gaultéria ležatá	100.0	100.0	100.0
POTRAVINY	SLADIDLÁ	Jačmenný slad	100.0	100.0	-100.0
POTRAVINY	SLADIDLÁ	Trstinová šťava (dried)	100.0	100.0	-100.0
POTRAVINY	SLADIDLÁ	Trstinová šťava (čerstvé)	100.0	100.0	-100.0
POTRAVINY	SLADIDLÁ	Fruktóza	100.0	100.0	-100.0
POTRAVINY	SLADIDLÁ	Ovocná šťava koncentrát	100.0	100.0	100.0
POTRAVINY	SLADIDLÁ	Med	100.0	-33.33333333	0.0
POTRAVINY	SLADIDLÁ	Med (surové & not processed)	0.0	0.0	100.0
POTRAVINY	SLADIDLÁ	Jaggary	100.0	-100.0	-100.0
POTRAVINY	SLADIDLÁ	Javorový syrup	-33.33333333	100.0	-100.0
POTRAVINY	SLADIDLÁ	Melasy	100.0	-100.0	-100.0
POTRAVINY	SLADIDLÁ	Ryžový syrup	100.0	100.0	-100.0
POTRAVINY	SLADIDLÁ	Hnedý cukor	100.0	100.0	-100.0
POTRAVINY	SLADIDLÁ	Biely cukor	-100.0	-33.33333333	-100.0
POTRAVINY	ZELENINA VARENÁ	Repa (varené)	100.0	100.0	100.0
POTRAVINY	ZELENINA VARENÁ	Kapusta (varené)	66.66666667	100.0	100.0
POTRAVINY	ZELENINA VARENÁ	Mrkva (varené)	100.0	100.0	100.0
POTRAVINY	ZELENINA VARENÁ	Karfiol (varené)	66.66666667	100.0	100.0
POTRAVINY	ZELENINA VARENÁ	Pór (varené)	100.0	100.0	100.0
POTRAVINY	ZELENINA VARENÁ	Cibuľa (varené)	66.66666667	100.0	100.0
POTRAVINY	ZELENINA VARENÁ	Hrášok (varený)	100.0	100.0	100.0
POTRAVINY	ZELENINA VARENÁ	Reďkovka (varené)	66.66666667	100.0	100.0
POTRAVINY	ZELENINA VARENÁ	Špenát (varené)	66.66666667	-33.33333333	100.0
POTRAVINY	ZELENINA VARENÁ	Paradajky (varené)	-33.33333333	-100.0	100.0
POTRAVINY	ZELENINA SUROVÁ	Kapusta (surové)	-100.0	100.0	100.0
POTRAVINY	ZELENINA SUROVÁ	Mrkva (surové)	100.0	66.66666667	100.0
POTRAVINY	ZELENINA SUROVÁ	Pór (surové)	100.0	-100.0	100.0
POTRAVINY	ZELENINA SUROVÁ	Cibuľa (surové)	-100.0	-100.0	100.0
POTRAVINY	ZELENINA SUROVÁ	Hrášok (surové)	-100.0	100.0	100.0
POTRAVINY	ZELENINA SUROVÁ	Reďkovka (surové)	-100.0	-100.0	100.0
POTRAVINY	ZELENINA SUROVÁ	Paradajky (surové)	-100.0	-100.0	-100.0
POTRAVINY	ZELENINA SUROVÁ	Karfiol (surové)	-100.0	0.0	0.0
POTRAVINY	ZELENINA SUROVÁ	Repa (surové)	100.0	-100.0	100.0
POTRAVINY	ZELENINA	Artičoky	-100.0	100.0	100.0
POTRAVINY	ZELENINA	Špargľa	100.0	100.0	100.0
POTRAVINY	ZELENINA	Repové listy	-33.33333333	-100.0	100.0
POTRAVINY	ZELENINA	Karela	-100.0	100.0	100.0
POTRAVINY	ZELENINA	Brokolica	-100.0	100.0	100.0
POTRAVINY	ZELENINA	Brussels sprouts	-100.0	100.0	100.0
POTRAVINY	ZELENINA	Koreň lopúcha	-100.0	-100.0	100.0
POTRAVINY	ZELENINA	Celer	-100.0	100.0	100.0
POTRAVINY	ZELENINA	Koriander	100.0	100.0	100.0
POTRAVINY	ZELENINA	Kukurica	0.0	0.0	100.0
POTRAVINY	ZELENINA	Kukurica (čerstvé)	-33.33333333	-33.33333333	0.0
POTRAVINY	ZELENINA	Uhorka	100.0	100.0	-100.0
POTRAVINY	ZELENINA	Biela reďkovka	66.66666667	-100.0	100.0
POTRAVINY	ZELENINA	Púpavové listy	-100.0	100.0	100.0
POTRAVINY	ZELENINA	Baklažán	-100.0	-33.33333333	100.0
POTRAVINY	ZELENINA	Fenikel (Aníz)	100.0	100.0	100.0
POTRAVINY	ZELENINA	Cesnak	100.0	-100.0	100.0
POTRAVINY	ZELENINA	Mrazená zelenina	-100.0	0.0	0.0
POTRAVINY	ZELENINA	Surová zelenina	-100.0	0.0	0.0
POTRAVINY	ZELENINA	Sušená zelenina	-100.0	0.0	0.0
POTRAVINY	ZELENINA	Fazuľky	100.0	100.0	100.0
POTRAVINY	ZELENINA	Zelené čili	100.0	-100.0	100.0
POTRAVINY	ZELENINA	Chren	-33.33333333	-100.0	100.0
POTRAVINY	ZELENINA	Väčšina kyslej a trpkej zeleniny	0.0	0.0	100.0
POTRAVINY	ZELENINA	Trpká zelenina	0.0	-100.0	0.0
POTRAVINY	ZELENINA	Sladká a horká zelenina	0.0	100.0	0.0
POTRAVINY	ZELENINA	Sladká a šťavnatá zelenina	0.0	0.0	-100.0
POTRAVINY	ZELENINA	Zelenina by mala byť varená	100.0	0.0	0.0
POTRAVINY	ZELENINA	Jerusalem	0.0	100.0	0.0
POTRAVINY	ZELENINA	Jerusalem artichoke	66.66666667	0.0	100.0
POTRAVINY	ZELENINA	Kale	-100.0	100.0	100.0
POTRAVINY	ZELENINA	Kaleráb	-100.0	-33.33333333	100.0
POTRAVINY	ZELENINA	Listová zelenina	66.66666667	100.0	100.0
POTRAVINY	ZELENINA	Mangold	66.66666667	100.0	100.0
POTRAVINY	ZELENINA	Šampióny	-100.0	100.0	100.0
POTRAVINY	ZELENINA	Horčicové listy	66.66666667	-100.0	100.0
POTRAVINY	ZELENINA	Okra	100.0	100.0	100.0
POTRAVINY	ZELENINA	Olivy (čierne)	100.0	100.0	-100.0
POTRAVINY	ZELENINA	Olivy (zelené)	-100.0	-100.0	-100.0
POTRAVINY	ZELENINA	Petržlen	66.66666667	100.0	100.0
POTRAVINY	ZELENINA	Paštrnák	100.0	100.0	-33.33333333
POTRAVINY	ZELENINA	Paprika (pálivá)	-100.0	-100.0	100.0
POTRAVINY	ZELENINA	Paprika (sladké)	-100.0	100.0	100.0
POTRAVINY	ZELENINA	Zemiaky (sladké)	100.0	100.0	-100.0
POTRAVINY	ZELENINA	Zemiaky (biele)	-100.0	100.0	100.0
POTRAVINY	ZELENINA	Tekvica	100.0	100.0	-100.0
POTRAVINY	ZELENINA	Kvaka repa	100.0	100.0	100.0
POTRAVINY	ZELENINA	Hokaido tekvica, Žiarovková tekvica	66.66666667	100.0	66.66666667
POTRAVINY	ZELENINA	Špenát (surové)	66.66666667	-100.0	100.0
POTRAVINY	ZELENINA	Klíčky	66.66666667	0.0	100.0
POTRAVINY	ZELENINA	Klíčky (nie korenené)	0.0	100.0	0.0
POTRAVINY	ZELENINA	Tekvica (letná)	100.0	100.0	-100.0
POTRAVINY	ZELENINA	Tekvica (zimná)	-100.0	100.0	100.0
POTRAVINY	ZELENINA	Taro repa (Colocasia esculenta)	100.0	100.0	-100.0
POTRAVINY	ZELENINA	Turnip repa listy	66.66666667	-66.66666666999998	100.0
POTRAVINY	ZELENINA	Turnip repa	-100.0	-100.0	100.0
POTRAVINY	ZELENINA	Žerucha	100.0	-33.33333333	100.0
POTRAVINY	ZELENINA	Wheat grass	0.0	0.0	100.0
POTRAVINY	ZELENINA	Wheat grass klíčky	-100.0	100.0	0.0
POTRAVINY	ZELENINA	Cukína	100.0	0.0	-100.0
FARBY	FARBY	Žltá	100.0	0	0.0
FARBY	FARBY	Červená	100.0	0	0.0
FARBY	FARBY	Modrá	0.0	100.0	0.0
FARBY	FARBY	Fialová	0.0	100.0	0.0
FARBY	FARBY	Medená	0.0	0.0	100.0
POTRAVINY	CHUTE	sladké	100.0	100.0	-100.0
POTRAVINY	CHUTE	kyslé	100.0	-100.0	-100.0
POTRAVINY	CHUTE	slané	100.0	-100.0	-100.0
POTRAVINY	CHUTE	trpké	-100.0	-100.0	100.0
POTRAVINY	CHUTE	horké	-100.0	100.0	100.0
POTRAVINY	CHUTE	pálivé	-100.0	100.0	100.0
